{"type": "FeatureCollection", "features": [{"type": "Feature", "properties": {"id": "IT-21-TO-03", "start_date": "2022-03-04", "end_date": null}, "geometry": {"type": "MultiPolygon", "coordinates": [[[[7.0196956, 44.9266252], [7.0176636, 44.926464], [7.0161619, 44.9265183], [7.0154469, 44.9266551], [7.0148504, 44.9268694], [7.0143726, 44.9271611], [7.0140575, 44.9274727], [7.0137442, 44.9281137], [7.0137029, 44.9282664], [7.0136588, 44.9293095], [7.0137641, 44.9297771], [7.0140402, 44.9304519], [7.014378, 44.9308824], [7.0149429, 44.9313241], [7.0159141, 44.9317381], [7.017642, 44.9320991], [7.0185144, 44.9323701], [7.0192482, 44.9327612], [7.019676, 44.9332333], [7.0197894, 44.9335794], [7.01977, 44.934025], [7.0193897, 44.9346929], [7.0186638, 44.9350166], [7.0171879, 44.93517], [7.0168732, 44.9353679], [7.0167094, 44.9356782], [7.0167609, 44.9364088], [7.0172949, 44.9375516], [7.016952, 44.9380655], [7.0090813, 44.9416262], [7.0079499, 44.9416249], [7.0065065, 44.9419913], [7.0052548, 44.9424375], [7.0041937, 44.9429726], [7.0035317, 44.9430555], [6.9965731, 44.9430731], [6.9956786, 44.9443177], [6.9944345, 44.9446424], [6.9936476, 44.9444801], [6.9936885, 44.9441477], [6.9933759, 44.9438542], [6.9921238, 44.9435576], [6.9916153, 44.942986], [6.9910249, 44.9430836], [6.9904092, 44.9433474], [6.9896293, 44.9438917], [6.9663406, 44.9448988], [6.9609545, 44.945481], [6.9573101, 44.9474094], [6.9505061, 44.951009], [6.9448816, 44.9564222], [6.9449348, 44.9566018], [6.9389417, 44.9626167], [6.9231692, 44.9813989], [6.9200448, 44.9863027], [6.9157867, 44.9904597], [6.9118403, 44.9924225], [6.9093649, 44.9945561], [6.9075767, 44.9988339], [6.9044019, 45.0072451], [6.903061, 45.0160551], [6.9025307, 45.0163886], [6.902992, 45.0166133], [6.9037527, 45.0172755], [6.9036515, 45.0174941], [6.9035823, 45.018195], [6.9032975, 45.0185004], [6.9022853, 45.0188374], [6.9013451, 45.0194592], [6.9008713, 45.0199006], [6.9002697, 45.0208302], [6.9000509, 45.0208712], [6.8990137, 45.022387], [6.8989487, 45.0227008], [6.898994, 45.0233813], [6.8992497, 45.0240567], [6.8993535, 45.0246887], [6.899856, 45.0261113], [6.9012418, 45.0283948], [6.9017952, 45.0301032], [6.901591, 45.0319433], [6.9010997, 45.0338659], [6.8993822, 45.0338224], [6.8990901, 45.0338315], [6.898681, 45.0338846], [6.8972394, 45.0341607], [6.8962835, 45.034602], [6.8952105, 45.0354196], [6.8898028, 45.0380338], [6.8884988, 45.039065], [6.886162, 45.0430491], [6.8843748, 45.0469705], [6.8814715, 45.0605946], [6.8852832, 45.0687967], [6.8898952, 45.071701], [6.906426, 45.082107], [6.9078805, 45.0825837], [6.9103716, 45.0841102], [6.9243897, 45.0948958], [6.9466148, 45.1021366], [6.9762655, 45.1150005], [7.0045144, 45.1332076], [7.0065874, 45.1342565], [7.0086631, 45.1343152], [7.0134572, 45.1349704], [7.0153856, 45.1351208], [7.0154044, 45.1351223], [7.0160944, 45.1351648], [7.0190197, 45.1346627], [7.0228221, 45.1338991], [7.0258872, 45.1339705], [7.0286154, 45.1345523], [7.0310307, 45.135375], [7.031964, 45.1358087], [7.0303652, 45.1364566], [7.0292254, 45.1397213], [7.0331789, 45.1430163], [7.0227465, 45.1443784], [7.0150698, 45.1484315], [7.0062449, 45.1521059], [7.0052006, 45.1586591], [7.013107, 45.1676155], [7.0190267, 45.1662998], [7.0192492, 45.158416], [7.0204527, 45.1573174], [7.0224081, 45.158679], [7.0239008, 45.1596861], [7.0249104, 45.1602481], [7.0252061, 45.1625172], [7.0255132, 45.1635622], [7.0256472, 45.1650903], [7.0256227, 45.1667102], [7.0277487, 45.1674536], [7.0287277, 45.1679971], [7.0291535, 45.1683106], [7.0293518, 45.1688901], [7.0298749, 45.1690927], [7.0302074, 45.1694045], [7.0309709, 45.1696112], [7.0315855, 45.1701034], [7.0328947, 45.1699144], [7.0375299, 45.1695486], [7.0416612, 45.1704792], [7.0443894, 45.1712417], [7.0466545, 45.1716815], [7.0480021, 45.1719432], [7.0512782, 45.1725792], [7.0526155, 45.1729576], [7.0569335, 45.1737559], [7.0725793, 45.1758276], [7.0736604, 45.1760545], [7.0827081, 45.1766161], [7.0882066, 45.1755756], [7.0950186, 45.1746901], [7.1011094, 45.1756577], [7.1052931, 45.1773263], [7.1109768, 45.1797674], [7.1138242, 45.1809901], [7.1318114, 45.1876676], [7.1309601, 45.1878967], [7.1291194, 45.1880105], [7.1278299, 45.1876023], [7.1275099, 45.187597], [7.1267782, 45.1877605], [7.1245115, 45.188826], [7.1239433, 45.1892173], [7.1230242, 45.1895622], [7.1191411, 45.1894307], [7.1177247, 45.1896414], [7.1167878, 45.1898735], [7.1125154, 45.1911802], [7.1117699, 45.1913029], [7.1086293, 45.1914759], [7.1070845, 45.1916798], [7.1059458, 45.192201], [7.0999894, 45.1962788], [7.0994071, 45.1967777], [7.0984866, 45.1981081], [7.0979364, 45.1985985], [7.0981373, 45.199304], [7.0980798, 45.1994291], [7.0973367, 45.1999253], [7.0967218, 45.2001086], [7.0955659, 45.2001838], [7.0923405, 45.2014486], [7.0915488, 45.2014804], [7.0905719, 45.2013065], [7.0877651, 45.201237], [7.0855226, 45.201852], [7.0839864, 45.2018037], [7.0820332, 45.2020725], [7.0786831, 45.2029073], [7.0777528, 45.2032472], [7.0771842, 45.2033186], [7.0685934, 45.2090787], [7.0670103, 45.2102806], [7.0670362, 45.2106134], [7.0670172, 45.2106065], [7.0513422, 45.2255208], [7.0468431, 45.2262583], [7.0417561, 45.2254059], [7.0276001, 45.2158854], [7.0233196, 45.2186521], [7.0197064, 45.2147206], [7.0068023, 45.2170188], [7.0027198, 45.2203629], [6.9984552, 45.2153807], [6.994581, 45.2158897], [6.9931368, 45.210521], [6.9861987, 45.2116855], [6.9771221, 45.2082703], [6.9655866, 45.208154], [6.9607284, 45.2034999], [6.9678569, 45.1963357], [6.9541581, 45.1906861], [6.9543134, 45.1797093], [6.9501622, 45.1804409], [6.9427462, 45.1760548], [6.9473387, 45.1706041], [6.9309339, 45.1711546], [6.9186858, 45.1670071], [6.913731, 45.1687212], [6.9098641, 45.1658442], [6.8932501, 45.1691311], [6.8919549, 45.1624206], [6.8839984, 45.1565808], [6.8899952, 45.1501117], [6.8891054, 45.1467466], [6.8982843, 45.1417638], [6.8932603, 45.1368359], [6.8802295, 45.1348015], [6.874046, 45.1362151], [6.8672065, 45.131816], [6.8477698, 45.1273541], [6.8452941, 45.1306923], [6.8469752, 45.1357437], [6.8360789, 45.1352358], [6.8290847, 45.1411003], [6.8131563, 45.1485196], [6.8006756, 45.1505269], [6.7955957, 45.1533915], [6.787165, 45.1535684], [6.779157, 45.1582767], [6.768179, 45.1599393], [6.7608833, 45.1527679], [6.7544422, 45.1501048], [6.7507633, 45.1432459], [6.7392092, 45.13713], [6.7269442, 45.1385135], [6.7115405, 45.1448797], [6.6917048, 45.1392466], [6.6803394, 45.1402747], [6.6725732, 45.1244147], [6.6626944, 45.120644], [6.6587084, 45.1221451], [6.6491185, 45.1149935], [6.6330633, 45.1159896], [6.6328707, 45.1107677], [6.6265927, 45.1028733], [6.6315792, 45.0987701], [6.6314874, 45.0957182], [6.6410787, 45.0896826], [6.6415181, 45.0866839], [6.6478634, 45.0844799], [6.645553, 45.0755916], [6.6549539, 45.0711184], [6.6620251, 45.072026], [6.6641551, 45.0575228], [6.6580961, 45.052696], [6.6701672, 45.0441876], [6.6706317, 45.0419172], [6.6661825, 45.0406706], [6.664466, 45.0342682], [6.6679223, 45.0292247], [6.6711279, 45.0290915], [6.6733586, 45.0200816], [6.6832759, 45.0224209], [6.6932325, 45.0206635], [6.7229347, 45.022137], [6.7461789, 45.0139818], [6.7451336, 45.0108802], [6.7517527, 44.9969196], [6.748906, 44.9958178], [6.7499623, 44.9779019], [6.7629412, 44.9718514], [6.7656638, 44.9630627], [6.7582375, 44.948208], [6.7489099, 44.9400808], [6.7492838, 44.9363584], [6.7525666, 44.9381841], [6.7573889, 44.9373792], [6.7610452, 44.9309636], [6.7541747, 44.9320977], [6.7489446, 44.9229884], [6.7518654, 44.9193968], [6.7509378, 44.9061327], [6.7606449, 44.9028079], [6.7717178, 44.9034534], [6.7767576, 44.9003405], [6.7796471, 44.8931662], [6.7838333, 44.8936854], [6.7847408, 44.8883095], [6.8016586, 44.8910713], [6.800035, 44.8872157], [6.8026304, 44.8798206], [6.8100489, 44.8750396], [6.8306317, 44.8678404], [6.8331524, 44.8639393], [6.8410439, 44.8597643], [6.8545489, 44.858051], [6.8635173, 44.8504751], [6.918359, 44.8490572], [6.9313308, 44.8637414], [6.9651044, 44.8493168], [6.9989157, 44.8490607], [6.9989187, 44.8427248], [7.000716, 44.8420589], [7.0017002, 44.8433243], [7.0021874, 44.8437694], [7.0030383, 44.844356], [7.0037838, 44.8450847], [7.0049739, 44.8465536], [7.0051072, 44.8468723], [7.0050465, 44.8482981], [7.0055121, 44.8490489], [7.0069208, 44.8509595], [7.0074008, 44.8522597], [7.0044541, 44.8541347], [7.0033187, 44.8552986], [7.0027687, 44.8563468], [7.0023066, 44.8567843], [7.0035847, 44.8585981], [7.0036094, 44.8591747], [7.0039434, 44.8598557], [7.0052797, 44.8609503], [7.0058502, 44.8625492], [7.0082592, 44.8637005], [7.0085728, 44.863947], [7.0090214, 44.8645535], [7.0094266, 44.8654338], [7.010923, 44.8676042], [7.0115126, 44.8685692], [7.011662, 44.8689791], [7.0118405, 44.8709402], [7.0114645, 44.8714738], [7.0110123, 44.8726002], [7.0110884, 44.8736278], [7.0117347, 44.875309], [7.0114857, 44.8760473], [7.0118716, 44.8768462], [7.0141865, 44.8797222], [7.0144035, 44.8808873], [7.0143239, 44.881246], [7.0133326, 44.8827771], [7.010806, 44.8827916], [7.0080805, 44.8830682], [7.0062505, 44.8836258], [7.0040061, 44.8835551], [7.002855, 44.8841966], [7.0024501, 44.8845991], [7.0017992, 44.8856365], [7.0013783, 44.8858497], [7.0003107, 44.88602], [6.9996746, 44.8863105], [6.9991237, 44.8867239], [6.9980234, 44.8878254], [6.9973382, 44.88825], [6.996639, 44.88939], [6.9962233, 44.8904179], [6.9961135, 44.8910056], [6.9962844, 44.8921924], [6.9962792, 44.8926695], [6.9962137, 44.8929384], [6.995947, 44.8932217], [6.993681, 44.8944107], [6.9921402, 44.8956394], [6.9918327, 44.8958006], [6.9899734, 44.8962179], [6.9897264, 44.8965692], [6.9893867, 44.8966982], [6.9888942, 44.8970316], [6.9886024, 44.8973866], [6.9880655, 44.8983539], [6.9887211, 44.9003909], [6.9887207, 44.9023219], [6.9893877, 44.9037155], [6.9899711, 44.9052606], [6.989831, 44.9060773], [6.9902083, 44.9067907], [6.9902355, 44.9069757], [6.9900857, 44.9074231], [6.9899214, 44.9076498], [6.9901597, 44.9085137], [6.9900949, 44.9087601], [6.9896049, 44.9090306], [6.9887472, 44.9098977], [6.9886734, 44.9100854], [6.9892371, 44.9118778], [6.9891863, 44.9126871], [6.988791, 44.9137694], [6.9889271, 44.9146675], [6.988644, 44.9157337], [6.9891961, 44.9162521], [6.9896389, 44.9163814], [6.9909119, 44.9170835], [6.9912917, 44.9177383], [6.9933677, 44.9191432], [6.9942633, 44.9191094], [6.9947707, 44.9193209], [6.9958369, 44.9192091], [6.9975117, 44.9196211], [6.9979282, 44.9195429], [6.9989309, 44.9190023], [6.9989307, 44.9196235], [6.9992855, 44.9193371], [7.0004831, 44.9193401], [7.000808, 44.9192648], [7.0016175, 44.9186308], [7.0024626, 44.9182045], [7.0042548, 44.918884], [7.0049613, 44.9189594], [7.0072443, 44.9198184], [7.008133, 44.9202706], [7.0087568, 44.920736], [7.0109727, 44.9216839], [7.0146445, 44.9230351], [7.0190924, 44.9243952], [7.0191826, 44.9255716], [7.0194289, 44.926251], [7.0196956, 44.9266252]]]]}}, {"type": "Feature", "properties": {"id": "IT-21-CN-01", "start_date": "2022-03-04", "end_date": null}, "geometry": {"type": "MultiPolygon", "coordinates": [[[[7.6325371, 44.1736951], [7.6361211, 44.1770738], [7.6455408, 44.1777902], [7.6830271, 44.1754076], [7.6810772, 44.1644416], [7.6722309, 44.1598043], [7.6704733, 44.1551253], [7.6791568, 44.1470403], [7.6665129, 44.1305367], [7.6737095, 44.1188201], [7.6897848, 44.1087685], [7.6990453, 44.0957466], [7.7189387, 44.0828298], [7.715249, 44.0811894], [7.7127393, 44.0747329], [7.7139016, 44.0612605], [7.7281534, 44.0596344], [7.7358881, 44.0758214], [7.7489694, 44.0800136], [7.748995, 44.0849724], [7.733261, 44.0833787], [7.7241992, 44.0935352], [7.7244921, 44.0970378], [7.7209778, 44.0980944], [7.7216089, 44.102783], [7.7164698, 44.1034268], [7.7146064, 44.1060931], [7.7239057, 44.1133342], [7.7234323, 44.1243127], [7.7289435, 44.1279384], [7.7378289, 44.1281516], [7.7474982, 44.1361685], [7.7633374, 44.1406176], [7.7751808, 44.1402624], [7.8008365, 44.1281084], [7.8087067, 44.1279241], [7.8221174, 44.1211165], [7.8279669, 44.1221795], [7.8452248, 44.1185204], [7.8568625, 44.1200395], [7.8661269, 44.1183074], [7.8750002, 44.113462], [7.8814986, 44.1134078], [7.8855448, 44.1045547], [7.898593, 44.1056011], [7.9074505, 44.1088322], [7.9237725, 44.1087202], [7.9272206, 44.1105501], [7.9363152, 44.1007285], [7.9421389, 44.1003372], [7.9569415, 44.1032895], [7.9704546, 44.113829], [7.9840542, 44.1093529], [7.9995557, 44.108192], [8.0069148, 44.1099316], [8.0053532, 44.125809], [7.990455, 44.1277508], [7.9914923, 44.1327526], [7.9797152, 44.1335411], [7.9785444, 44.1370769], [8.001053, 44.1523789], [8.0107368, 44.1556016], [8.0189668, 44.1557579], [8.030123, 44.1530521], [8.0445549, 44.1414843], [8.0661265, 44.1444078], [8.062883, 44.1458886], [8.0626326, 44.149198], [8.0569428, 44.147273], [8.0503971, 44.152546], [8.060165, 44.1538556], [8.0742734, 44.1511365], [8.0813096, 44.1593224], [8.0896643, 44.1679095], [8.0935135, 44.1722919], [8.0880697, 44.1842975], [8.0953953, 44.1967751], [8.0923725, 44.1989532], [8.0824702, 44.1990538], [8.0814954, 44.2053664], [8.0755169, 44.2047416], [8.0750743, 44.211083], [8.069602, 44.212214], [8.0653965, 44.2160642], [8.0687602, 44.2193182], [8.0660779, 44.2228468], [8.0678627, 44.226161], [8.0778907, 44.235894], [8.07075, 44.2431023], [8.0728335, 44.2469382], [8.063968, 44.2532916], [8.0709879, 44.2589875], [8.0818343, 44.2622338], [8.0881839, 44.2681799], [8.0868729, 44.2708971], [8.0894075, 44.2741886], [8.0748487, 44.2871324], [8.0740027, 44.2841653], [8.068497, 44.2853772], [8.0687745, 44.2818191], [8.0637694, 44.281599], [8.0604661, 44.2808931], [8.051814, 44.2836414], [8.0394414, 44.2829359], [8.0423419, 44.2735521], [8.0364667, 44.2645496], [8.0296691, 44.2550496], [8.0281818, 44.2509235], [8.0311248, 44.2432605], [8.0295784, 44.2391654], [8.021672, 44.2357088], [8.0207664, 44.2318307], [8.0208094, 44.2151022], [8.0251631, 44.2122656], [8.0254847, 44.209434], [8.0295111, 44.2071102], [8.0311337, 44.2003503], [8.0314859, 44.1959319], [8.0280406, 44.1971198], [8.01665, 44.1975986], [8.0099239, 44.1893923], [8.0061924, 44.1871615], [7.9903102, 44.1823075], [7.984887, 44.1787978], [7.973094, 44.1614889], [7.9707656, 44.1617308], [7.9818384, 44.1807979], [7.987621, 44.1842224], [7.9924799, 44.1873], [8.0040517, 44.1901963], [8.0097355, 44.1951871], [8.0094561, 44.2020515], [8.0024886, 44.2076585], [8.0093168, 44.2120486], [8.0097594, 44.2222254], [8.0113288, 44.224954], [8.0110986, 44.2297956], [8.0094941, 44.2374454], [8.0131725, 44.2419981], [8.0174423, 44.2442549], [8.0181211, 44.2456568], [8.0144569, 44.2552226], [8.0164013, 44.2586662], [8.0168996, 44.2631523], [8.023262, 44.2690647], [8.0257686, 44.2753861], [8.030642, 44.2754675], [8.0312682, 44.2810994], [8.0297469, 44.2852278], [8.034442, 44.2988465], [8.0324196, 44.3054946], [8.0395868, 44.3108312], [8.0399622, 44.3196397], [8.0451304, 44.3265052], [8.0408033, 44.329263], [8.0353285, 44.3266006], [8.0229989, 44.329384], [8.0384815, 44.333943], [8.035335, 44.3368623], [8.0456941, 44.3358723], [8.0536216, 44.3413639], [8.0480323, 44.3493897], [8.0462182, 44.3466132], [8.0431377, 44.348155], [8.0431319, 44.3452598], [8.0376978, 44.3454673], [8.0372903, 44.3490973], [8.0435384, 44.3542239], [8.0390429, 44.3531869], [8.0364446, 44.3545633], [8.0364294, 44.3518155], [8.0316136, 44.3536654], [8.0289551, 44.3487765], [8.027283, 44.3507313], [8.0252215, 44.3545651], [8.0280538, 44.3572296], [8.0259729, 44.3580445], [8.0204402, 44.3552425], [8.0196765, 44.3523067], [8.0113135, 44.3492168], [8.013393, 44.3545515], [8.0038581, 44.353411], [8.0068659, 44.3479848], [8.0002216, 44.341283], [7.9968064, 44.3391813], [7.9933317, 44.3347725], [7.9980077, 44.3274938], [7.9912056, 44.3310207], [7.9868809, 44.3364304], [7.9906183, 44.3376677], [7.987836, 44.3443174], [7.9899618, 44.3456277], [7.9825487, 44.3480233], [7.9805594, 44.3456615], [7.9803095, 44.3511579], [7.9735235, 44.354151], [7.974502, 44.349127], [7.9722844, 44.3457689], [7.969912, 44.3462566], [7.9693754, 44.3403944], [7.9765499, 44.3390158], [7.9740697, 44.3344402], [7.9789265, 44.3316876], [7.9839578, 44.3268438], [7.9858436, 44.324054], [7.9871549, 44.3217079], [7.9875728, 44.3180881], [7.9896093, 44.3148004], [7.9879357, 44.3114239], [7.9876155, 44.3074668], [7.9823726, 44.3040507], [7.9793586, 44.3001277], [7.9831923, 44.2947628], [7.9794624, 44.2960659], [7.9804813, 44.2921163], [7.977911, 44.2895333], [7.9801017, 44.2853283], [7.9757468, 44.2859285], [7.9777386, 44.2939186], [7.9761355, 44.2989672], [7.9720269, 44.2973289], [7.9758515, 44.3060258], [7.9728924, 44.3067151], [7.9726192, 44.3095203], [7.9774843, 44.3104959], [7.9787676, 44.3195105], [7.9666457, 44.328609], [7.9602345, 44.3250379], [7.9580024, 44.3271559], [7.9621855, 44.3319554], [7.9528446, 44.3360166], [7.9559792, 44.3387546], [7.9491984, 44.3462932], [7.9541871, 44.3478274], [7.9526511, 44.349807], [7.9571171, 44.352832], [7.9492981, 44.3542121], [7.9528518, 44.358446], [7.9576174, 44.3595673], [7.9526738, 44.3624319], [7.9498286, 44.3565495], [7.9451083, 44.3564991], [7.9402413, 44.350606], [7.9383321, 44.3553491], [7.9356493, 44.3517381], [7.9291192, 44.3534907], [7.9289791, 44.3474066], [7.9362327, 44.3472827], [7.9356746, 44.3451564], [7.9436468, 44.3426805], [7.9428393, 44.337124], [7.9385646, 44.3352183], [7.9398796, 44.3270078], [7.9313237, 44.3289133], [7.9299468, 44.3397836], [7.9228235, 44.3410544], [7.9218868, 44.3341414], [7.9138819, 44.3362233], [7.9115495, 44.3355343], [7.9086223, 44.3355373], [7.9063535, 44.3385682], [7.9011142, 44.3397002], [7.9003633, 44.3430241], [7.8943951, 44.3387386], [7.8900256, 44.3394669], [7.8938109, 44.329257], [7.8855934, 44.3341481], [7.8825877, 44.3265889], [7.8772787, 44.3280116], [7.8738391, 44.3291817], [7.8796565, 44.3383861], [7.8751188, 44.3389787], [7.8685602, 44.3295817], [7.8626257, 44.3277286], [7.8626368, 44.320871], [7.8601334, 44.3219786], [7.8436703, 44.3121664], [7.8430989, 44.2994243], [7.8440583, 44.2955804], [7.839921, 44.2918079], [7.8369581, 44.288399], [7.828071, 44.2830224], [7.8309157, 44.2880982], [7.8390909, 44.2982612], [7.8365359, 44.3091371], [7.8382332, 44.3145899], [7.8468429, 44.3161176], [7.8498652, 44.318654], [7.8490517, 44.3219014], [7.8528375, 44.3246404], [7.8570378, 44.324097], [7.8530409, 44.328695], [7.8566942, 44.3287225], [7.8565057, 44.3309007], [7.8639319, 44.3372577], [7.863862, 44.3408958], [7.8581993, 44.3467526], [7.8531549, 44.3432895], [7.8534938, 44.3396754], [7.8566269, 44.3387891], [7.8523439, 44.3351724], [7.8446724, 44.3315834], [7.8424768, 44.3315612], [7.8398001, 44.3334283], [7.8324051, 44.3331534], [7.83886, 44.3303558], [7.8379179, 44.3243568], [7.8429816, 44.3246054], [7.8363772, 44.3196825], [7.8346564, 44.3232872], [7.8321318, 44.3219073], [7.8333161, 44.3250395], [7.8286466, 44.3240518], [7.8223989, 44.3254683], [7.8172167, 44.325317], [7.8151361, 44.3243464], [7.8121821, 44.3287177], [7.809614, 44.3319106], [7.8026567, 44.3295722], [7.8047438, 44.3258935], [7.8074286, 44.3263423], [7.8115881, 44.3112574], [7.8052751, 44.3111316], [7.8016836, 44.3078634], [7.8020169, 44.3149142], [7.7983714, 44.3180072], [7.7900777, 44.317616], [7.7879042, 44.3213533], [7.7837007, 44.3233033], [7.7794765, 44.3242238], [7.7712194, 44.3264533], [7.7628778, 44.3236126], [7.7567937, 44.321046], [7.7520671, 44.3183138], [7.7512529, 44.3166618], [7.7492081, 44.3115487], [7.7486916, 44.3060298], [7.7535221, 44.2990533], [7.7481628, 44.2911334], [7.7419611, 44.299035], [7.7386718, 44.299704], [7.7410715, 44.3045311], [7.7368794, 44.3120814], [7.7310376, 44.3094997], [7.7272164, 44.3116028], [7.7248707, 44.30384], [7.7199785, 44.3095454], [7.719815, 44.3077857], [7.706758, 44.302646], [7.715964, 44.3121184], [7.714924, 44.3177536], [7.7203572, 44.3175623], [7.7217107, 44.3215847], [7.7264112, 44.3231147], [7.7248014, 44.3176185], [7.7303854, 44.317619], [7.7310884, 44.3195727], [7.7343907, 44.3180788], [7.7428142, 44.3290128], [7.7487144, 44.3332712], [7.7518732, 44.3326777], [7.754532, 44.3383748], [7.7516603, 44.3375198], [7.7514707, 44.3394747], [7.7446868, 44.3414842], [7.7421592, 44.3361724], [7.7354594, 44.3377337], [7.7296476, 44.333693], [7.7319322, 44.3390321], [7.7388948, 44.3399119], [7.7305636, 44.3442419], [7.727386, 44.3424699], [7.7285053, 44.3411515], [7.7238637, 44.3409302], [7.7241515, 44.3336973], [7.7192468, 44.3354188], [7.7139639, 44.3329773], [7.7162155, 44.3381151], [7.7129236, 44.3386561], [7.7087908, 44.3360737], [7.7101269, 44.3333], [7.7049988, 44.3333803], [7.7056338, 44.330653], [7.7095004, 44.3313047], [7.709222, 44.3277368], [7.705038, 44.3265174], [7.7023859, 44.3238814], [7.7013299, 44.3270777], [7.6985191, 44.3273732], [7.6958142, 44.3235885], [7.692088, 44.3287138], [7.6814148, 44.326124], [7.6910897, 44.3159959], [7.6882111, 44.3159073], [7.6901983, 44.3090242], [7.6835411, 44.3041038], [7.6822116, 44.2989885], [7.6789402, 44.2988455], [7.6746979, 44.2958036], [7.6731643, 44.297221], [7.675804, 44.2983492], [7.6742184, 44.3005851], [7.6768519, 44.3035964], [7.6739211, 44.3068772], [7.6728435, 44.310738], [7.6673509, 44.3135295], [7.660068, 44.3138723], [7.6544981, 44.3144546], [7.6470214, 44.3151155], [7.6416326, 44.3142223], [7.6320424, 44.3142691], [7.6264347, 44.3164713], [7.6224497, 44.3170754], [7.6220628, 44.3156502], [7.6208109, 44.3113018], [7.62078, 44.3055899], [7.6183221, 44.301567], [7.6192091, 44.2919997], [7.6166701, 44.2882051], [7.6159635, 44.2871491], [7.6076368, 44.2771113], [7.6064938, 44.275588], [7.6055437, 44.2725043], [7.6059244, 44.2697765], [7.6010031, 44.2617458], [7.6012436, 44.2605874], [7.6012575, 44.2600023], [7.6019531, 44.2575981], [7.6024687, 44.2567851], [7.6025383, 44.2564258], [7.6024324, 44.256186], [7.6019364, 44.2557432], [7.6017625, 44.2553855], [7.601044, 44.2544854], [7.6008853, 44.2534886], [7.5999871, 44.2520461], [7.6001136, 44.2509898], [7.6000683, 44.2504086], [7.5996834, 44.2494765], [7.5995047, 44.2479844], [7.5988919, 44.2473871], [7.5986928, 44.2460973], [7.599692, 44.2436067], [7.6001152, 44.2433868], [7.6003121, 44.2430277], [7.602033, 44.241155], [7.6033973, 44.2401769], [7.6052101, 44.2385065], [7.6063198, 44.2376648], [7.6076363, 44.2371316], [7.60867, 44.2370407], [7.6090966, 44.2371044], [7.6094056, 44.2370272], [7.6114996, 44.2348694], [7.6134935, 44.2319992], [7.6144987, 44.230751], [7.6155085, 44.2290031], [7.6157619, 44.2263413], [7.6165204, 44.2242618], [7.617506, 44.2229548], [7.6180812, 44.2225836], [7.6192766, 44.2210541], [7.620239, 44.2204535], [7.6222548, 44.2203248], [7.6248098, 44.2204636], [7.6221882, 44.2155704], [7.6213985, 44.2143409], [7.6212807, 44.2126514], [7.6208113, 44.211732], [7.6206233, 44.2104332], [7.6202048, 44.2096629], [7.6210783, 44.2090568], [7.6220027, 44.2077265], [7.622422, 44.2073084], [7.6225045, 44.2069898], [7.6224254, 44.2065747], [7.6224705, 44.2064042], [7.6225944, 44.2060545], [7.6229189, 44.2055903], [7.6233779, 44.2052132], [7.6240969, 44.2048032], [7.6246298, 44.2041749], [7.6246513, 44.203554], [7.6245108, 44.2031381], [7.6244326, 44.2018093], [7.6240887, 44.2001711], [7.623645, 44.1993059], [7.6235007, 44.1986334], [7.6234958, 44.1983903], [7.6237429, 44.1975875], [7.6243162, 44.1966311], [7.6251938, 44.1959214], [7.6252283, 44.1955167], [7.6267512, 44.1934238], [7.6293331, 44.191204], [7.630503, 44.1896561], [7.6307309, 44.1894562], [7.6308259, 44.1891693], [7.630704, 44.1889292], [7.6299005, 44.1881183], [7.629225, 44.1877591], [7.6288256, 44.1866514], [7.6288478, 44.1863051], [7.6290191, 44.1861], [7.6295226, 44.185782], [7.6293654, 44.1850778], [7.6291405, 44.1845394], [7.6291286, 44.1842782], [7.629515, 44.1839677], [7.6297828, 44.1834128], [7.6298293, 44.1820314], [7.6300165, 44.1811423], [7.6295716, 44.1795389], [7.6295261, 44.1789036], [7.6299829, 44.178459], [7.6300828, 44.1781271], [7.6301847, 44.1766338], [7.630281, 44.1762883], [7.630468, 44.1760295], [7.6314156, 44.1754916], [7.6317616, 44.1750816], [7.632099, 44.1741539], [7.6325109, 44.1736767], [7.6325371, 44.1736951]]]]}}, {"type": "Feature", "properties": {"id": "IT-21-CN-04", "start_date": "2022-03-04", "end_date": null}, "geometry": {"type": "MultiPolygon", "coordinates": [[[[6.9157328, 44.5618286], [6.9141026, 44.5592804], [6.9018466, 44.5539072], [6.8947809, 44.5556019], [6.8902415, 44.5523415], [6.8840005, 44.5519876], [6.8782744, 44.5543023], [6.8767795, 44.547069], [6.8724685, 44.5452522], [6.8692941, 44.5367945], [6.8582706, 44.5344641], [6.8532993, 44.5289079], [6.8578345, 44.5214859], [6.8579831, 44.5072381], [6.8663846, 44.4944405], [6.8770421, 44.4884502], [6.876439, 44.481569], [6.8912844, 44.4720408], [6.9063346, 44.4675777], [6.9119764, 44.4514933], [6.9207844, 44.4458113], [6.9365428, 44.4400666], [6.9395626, 44.4339787], [6.9478501, 44.4300196], [6.9467586, 44.4278445], [6.9473429, 44.4275917], [6.9467409, 44.4278091], [6.9463573, 44.4270448], [6.9463551, 44.4270453], [6.9481535, 44.425341], [6.9511252, 44.4221803], [6.9530099, 44.4203146], [6.953584, 44.4200413], [6.953932, 44.4194174], [6.9540488, 44.4182311], [6.9544209, 44.4176346], [6.9551513, 44.4168374], [6.9568635, 44.4163099], [6.9587347, 44.4155421], [6.9590556, 44.4153318], [6.9595241, 44.414854], [6.9600742, 44.4145443], [6.9603879, 44.4141898], [6.9616025, 44.4138919], [6.9617023, 44.4135516], [6.9616542, 44.4131276], [6.9612519, 44.411707], [6.9612926, 44.4112575], [6.9614981, 44.4107661], [6.9619009, 44.4103681], [6.9624643, 44.4100361], [6.963978, 44.409802], [6.9646917, 44.4098418], [6.9649232, 44.4096749], [6.965366, 44.4095702], [6.9666593, 44.4095348], [6.9671024, 44.4094211], [6.9691001, 44.4086059], [6.9700615, 44.4083844], [6.9701303, 44.4078365], [6.9716319, 44.4068594], [6.9728228, 44.4058002], [6.9734681, 44.4056361], [6.9738141, 44.4054262], [6.9745603, 44.4052504], [6.9754655, 44.4048343], [6.9758997, 44.4046034], [6.9769338, 44.403717], [6.9775642, 44.4036337], [6.9779267, 44.403307], [6.9787906, 44.4029847], [6.9790292, 44.4026198], [6.9794757, 44.4023936], [6.9796582, 44.4021988], [6.9800032, 44.4016512], [6.9804766, 44.401385], [6.9809458, 44.4012313], [6.9820412, 44.4011111], [6.9822209, 44.4009973], [6.9829265, 44.4009062], [6.9857612, 44.4012759], [6.9861639, 44.4012289], [6.9869764, 44.4013153], [6.987309, 44.4014922], [6.9875472, 44.4014919], [6.9880562, 44.4012848], [6.9883056, 44.4013252], [6.9892176, 44.401805], [6.9903917, 44.4026764], [6.9928026, 44.4048568], [6.9930764, 44.4048528], [6.9937388, 44.4044413], [6.9949617, 44.403432], [6.9958189, 44.4029204], [6.9964719, 44.4026348], [6.9985655, 44.4025905], [7.0002184, 44.4020003], [7.0013293, 44.4016036], [7.0017557, 44.4012509], [7.0030648, 44.4004906], [7.0038079, 44.3999409], [7.0054732, 44.3990113], [7.0060847, 44.3987654], [7.0063698, 44.3985048], [7.0071173, 44.3982162], [7.0075635, 44.39817], [7.0094632, 44.3971858], [7.0107946, 44.396966], [7.0116429, 44.3965846], [7.0119287, 44.3963015], [7.0123338, 44.3956739], [7.012895, 44.3947204], [7.0131633, 44.3940633], [7.0133684, 44.3938688], [7.0138454, 44.3936071], [7.0157908, 44.3921554], [7.0171999, 44.3914327], [7.0178037, 44.3906104], [7.0180111, 44.390452], [7.0183658, 44.3902196], [7.0194341, 44.389896], [7.0195867, 44.3897681], [7.0197359, 44.389136], [7.0201769, 44.3884505], [7.020245, 44.3877224], [7.0200278, 44.3869759], [7.0201585, 44.3864811], [7.0203025, 44.3861682], [7.0208753, 44.3853206], [7.0212046, 44.3846421], [7.0214183, 44.3836915], [7.021696, 44.3830526], [7.0229694, 44.3819358], [7.0251111, 44.3812437], [7.0258972, 44.3809062], [7.026372, 44.3805993], [7.0268442, 44.3800763], [7.0278086, 44.3792422], [7.0289472, 44.3787217], [7.0300167, 44.3783665], [7.0305109, 44.3779756], [7.0308273, 44.3780924], [7.0322188, 44.3781254], [7.035177, 44.3791532], [7.0368127, 44.379672], [7.0370876, 44.3796857], [7.0384337, 44.3792587], [7.0387846, 44.3792873], [7.0394398, 44.3789204], [7.0405264, 44.3784619], [7.0424805, 44.3781624], [7.0429544, 44.3779499], [7.043733, 44.37709], [7.0452781, 44.3757255], [7.0460733, 44.3748254], [7.0461826, 44.3749713], [7.046559, 44.3771339], [7.0464106, 44.3774329], [7.0464742, 44.3780192], [7.0472281, 44.3789774], [7.0476144, 44.3793441], [7.049387, 44.3806348], [7.0506543, 44.3813002], [7.0509159, 44.3812551], [7.0510185, 44.3810003], [7.0509042, 44.3806157], [7.0509966, 44.3804913], [7.0512639, 44.3804508], [7.0519132, 44.3805654], [7.0527558, 44.3805213], [7.0533139, 44.3803823], [7.0536864, 44.3801636], [7.0539554, 44.3798936], [7.0545009, 44.3796373], [7.0547285, 44.3794476], [7.0559315, 44.3793916], [7.0580159, 44.3794541], [7.0578783, 44.3809327], [7.0578886, 44.381464], [7.0580106, 44.3816192], [7.0588558, 44.3820026], [7.0599872, 44.382265], [7.0601106, 44.3823886], [7.0601178, 44.3826678], [7.0601974, 44.3827772], [7.0604108, 44.3828483], [7.0606439, 44.3831674], [7.061012, 44.3834122], [7.0612371, 44.3838077], [7.0620482, 44.3845507], [7.0625588, 44.3848519], [7.0632972, 44.385112], [7.0637741, 44.3855928], [7.0652127, 44.3866165], [7.0672098, 44.3878252], [7.0678254, 44.3879572], [7.0681409, 44.3881335], [7.0692494, 44.3882468], [7.0706681, 44.3885454], [7.0712653, 44.3885555], [7.0724644, 44.3887918], [7.074456, 44.388992], [7.0751343, 44.3889089], [7.0761103, 44.3885202], [7.0775805, 44.3880724], [7.0791189, 44.3874141], [7.0822778, 44.3906812], [7.0831009, 44.3912262], [7.0841243, 44.3909688], [7.084735, 44.3909025], [7.0850621, 44.3909665], [7.0853856, 44.391152], [7.0857389, 44.3911939], [7.0872136, 44.3910566], [7.0888934, 44.3915036], [7.0908655, 44.3905416], [7.0941038, 44.3891462], [7.0950939, 44.3882805], [7.0963302, 44.3880626], [7.0979464, 44.3882381], [7.099404, 44.3880418], [7.1007828, 44.3876506], [7.102906, 44.3867541], [7.1033487, 44.3866894], [7.1068158, 44.3869046], [7.1082334, 44.386829], [7.1123968, 44.3871321], [7.1153084, 44.3863474], [7.1165406, 44.3863137], [7.1179855, 44.3860585], [7.1199732, 44.3862578], [7.121983, 44.3856472], [7.1244852, 44.3863861], [7.1258942, 44.3863192], [7.1279805, 44.3859888], [7.1290987, 44.385494], [7.1295962, 44.3853581], [7.1340716, 44.3850172], [7.1374923, 44.3842583], [7.1395734, 44.3836801], [7.1402748, 44.3837455], [7.1415006, 44.3840356], [7.1424463, 44.3841005], [7.1434458, 44.3839547], [7.1445712, 44.3835004], [7.1472816, 44.3833643], [7.1494259, 44.383093], [7.1516598, 44.3832373], [7.1532717, 44.3835379], [7.1536422, 44.3834854], [7.1560516, 44.3825521], [7.158862, 44.3818277], [7.1598772, 44.3813174], [7.1601791, 44.3812593], [7.1618454, 44.3813266], [7.1630539, 44.3814811], [7.1653101, 44.3820171], [7.165598, 44.3820172], [7.1664323, 44.3816705], [7.1668874, 44.3816553], [7.1691624, 44.3810256], [7.1695739, 44.3808476], [7.1703183, 44.3799998], [7.1706485, 44.3797755], [7.1720003, 44.3793336], [7.1724482, 44.3790706], [7.1729593, 44.3789573], [7.1736125, 44.3786166], [7.1751238, 44.3786093], [7.1755175, 44.378512], [7.1767084, 44.3778064], [7.1778732, 44.3773343], [7.178844, 44.3771832], [7.1795728, 44.3769428], [7.1802851, 44.3768821], [7.1812789, 44.376952], [7.1835817, 44.3766285], [7.1844347, 44.3762775], [7.1851683, 44.3761226], [7.1865182, 44.3761036], [7.1867721, 44.3760356], [7.1869572, 44.3758855], [7.1873829, 44.3753746], [7.1881435, 44.3749545], [7.1890885, 44.374902], [7.1899016, 44.3746223], [7.1904241, 44.3746216], [7.1910411, 44.3748384], [7.1917805, 44.3748771], [7.1924457, 44.3748787], [7.1937378, 44.3746606], [7.1942757, 44.3746421], [7.1948972, 44.3748409], [7.1955733, 44.3752162], [7.1972038, 44.3754851], [7.1990177, 44.3755317], [7.2000625, 44.3754087], [7.2015361, 44.3754004], [7.2022004, 44.3753163], [7.2029535, 44.3755983], [7.204806, 44.3758975], [7.2065601, 44.3766678], [7.2080606, 44.377128], [7.2100145, 44.3775143], [7.2118133, 44.3781862], [7.2141979, 44.3784981], [7.2160474, 44.3796074], [7.21698, 44.3800811], [7.2171823, 44.3801113], [7.2195564, 44.3795407], [7.2200062, 44.3793271], [7.2220726, 44.3787336], [7.2235422, 44.37886], [7.2249266, 44.3788185], [7.2255506, 44.3789363], [7.2277023, 44.3798835], [7.2296131, 44.379454], [7.2321222, 44.3792678], [7.2352759, 44.3796137], [7.2349853, 44.3786729], [7.2351063, 44.3782742], [7.2356077, 44.3774762], [7.2367104, 44.3765479], [7.2388331, 44.3755724], [7.2393475, 44.3750987], [7.2399983, 44.3743255], [7.2404062, 44.3739986], [7.2405216, 44.3737844], [7.2405581, 44.3731952], [7.2407835, 44.3728206], [7.2411146, 44.3719434], [7.2416911, 44.3713806], [7.2416838, 44.3712454], [7.2409163, 44.3701578], [7.2407043, 44.3693262], [7.2407282, 44.3682778], [7.2408372, 44.3680184], [7.2423294, 44.3675102], [7.2435418, 44.3667996], [7.2441775, 44.3665393], [7.2454057, 44.3654283], [7.2459429, 44.3650495], [7.250335, 44.3632578], [7.2519269, 44.3620308], [7.2522247, 44.3618913], [7.2531393, 44.3617297], [7.2540728, 44.361672], [7.2563744, 44.3617387], [7.2565091, 44.3623124], [7.2567644, 44.362672], [7.2571304, 44.3631142], [7.2577964, 44.363696], [7.2579352, 44.3641303], [7.2578314, 44.3643403], [7.2583233, 44.3648114], [7.2586586, 44.3649966], [7.2603535, 44.3656752], [7.2611105, 44.3660693], [7.2626024, 44.3662541], [7.2631116, 44.3664509], [7.264166, 44.366602], [7.2653619, 44.3671153], [7.2672604, 44.3672792], [7.2676489, 44.3673931], [7.2684343, 44.3678102], [7.2687058, 44.3678188], [7.269097, 44.3677077], [7.269631, 44.3673152], [7.2708128, 44.3669505], [7.2739989, 44.366607], [7.276722, 44.3651312], [7.2812994, 44.3629675], [7.2823404, 44.3615787], [7.2827623, 44.3611664], [7.2837958, 44.3605428], [7.2852167, 44.3602986], [7.2853495, 44.3602195], [7.2849321, 44.3592454], [7.2848924, 44.3588712], [7.2850096, 44.3583373], [7.2858324, 44.3570983], [7.2879784, 44.3554913], [7.2883775, 44.3555364], [7.289609, 44.3558855], [7.2912805, 44.3561506], [7.2920223, 44.3562191], [7.294058, 44.3562222], [7.295826, 44.3567663], [7.2964771, 44.356695], [7.2970698, 44.3567533], [7.297903, 44.3570538], [7.2985421, 44.357491], [7.2996739, 44.3575934], [7.3001629, 44.3578528], [7.3007734, 44.3579339], [7.3011772, 44.358129], [7.3015848, 44.3584456], [7.3018092, 44.3584715], [7.3019909, 44.3584517], [7.3030034, 44.3579085], [7.3057434, 44.3573055], [7.3066141, 44.3562786], [7.3072012, 44.3560443], [7.3082782, 44.3560494], [7.3087966, 44.3561579], [7.3097628, 44.3560912], [7.3101113, 44.3559433], [7.3103026, 44.3557301], [7.3107534, 44.3557458], [7.3112194, 44.3554826], [7.3122636, 44.3553315], [7.3133176, 44.3549644], [7.3142603, 44.3552349], [7.3158441, 44.3554924], [7.3162991, 44.3555036], [7.3170168, 44.3553881], [7.3182688, 44.3554156], [7.3189674, 44.3552728], [7.3196402, 44.3553278], [7.3233952, 44.3561212], [7.3237187, 44.3563032], [7.3240363, 44.3564818], [7.3258768, 44.357076], [7.3261288, 44.357132], [7.326874, 44.3572976], [7.3299935, 44.3592924], [7.330332, 44.359662], [7.3311185, 44.361033], [7.3312619, 44.3620164], [7.3319926, 44.3636026], [7.3319993, 44.3647055], [7.3321353, 44.3656213], [7.3326812, 44.366255], [7.333393, 44.3666435], [7.3371046, 44.3673953], [7.3391214, 44.3682013], [7.3391292, 44.3682044], [7.3401307, 44.3686373], [7.3410886, 44.3691548], [7.3485234, 44.3678096], [7.3519385, 44.3678482], [7.3549432, 44.3680867], [7.3559048, 44.368312], [7.3562965, 44.3685075], [7.356446, 44.368682], [7.356563, 44.3691004], [7.356914, 44.3693683], [7.3575259, 44.3695657], [7.3583223, 44.3696853], [7.3598201, 44.3697503], [7.3607801, 44.3696744], [7.3612895, 44.369506], [7.3636197, 44.3697681], [7.363869, 44.3698369], [7.3642289, 44.3706366], [7.3646831, 44.3713274], [7.3654281, 44.3719097], [7.365659, 44.3723406], [7.3670414, 44.3739269], [7.3678796, 44.3750688], [7.3683737, 44.375481], [7.3690017, 44.3759041], [7.3701383, 44.376447], [7.3726956, 44.3771453], [7.3727793, 44.3774975], [7.3730559, 44.3779786], [7.3736171, 44.3786483], [7.3739798, 44.3792476], [7.3743493, 44.381202], [7.3745543, 44.381448], [7.374989, 44.3816613], [7.3753399, 44.3824766], [7.3757996, 44.3831853], [7.3767416, 44.3842025], [7.3772268, 44.3846056], [7.3781215, 44.3851089], [7.3790497, 44.3854057], [7.3798871, 44.3857822], [7.3808235, 44.3865968], [7.3815951, 44.3871254], [7.3820202, 44.3872754], [7.3830836, 44.3873265], [7.383442, 44.3874756], [7.3843761, 44.387975], [7.3848788, 44.3883557], [7.3866885, 44.3894437], [7.3882431, 44.3911087], [7.3887063, 44.3920041], [7.3888279, 44.3920817], [7.389378, 44.3922055], [7.3899719, 44.3922807], [7.3915577, 44.3922403], [7.3932523, 44.3924577], [7.3944546, 44.3923395], [7.3959033, 44.3925805], [7.3978371, 44.3924141], [7.3998759, 44.3924832], [7.4010444, 44.3923825], [7.4016538, 44.3925216], [7.4028126, 44.3923578], [7.4042246, 44.3923055], [7.4059256, 44.3925048], [7.4094895, 44.3924735], [7.4119922, 44.3929135], [7.4136585, 44.3929456], [7.4155017, 44.3934304], [7.4164232, 44.3934252], [7.4175165, 44.3932288], [7.4181332, 44.3932463], [7.4188573, 44.3935309], [7.4192993, 44.3938747], [7.4199347, 44.3946127], [7.4210015, 44.3953882], [7.4215263, 44.3958654], [7.4122402, 44.3978132], [7.4080663, 44.4014141], [7.4049096, 44.4081234], [7.3926144, 44.4073213], [7.3843972, 44.4107391], [7.3819227, 44.4079999], [7.378317, 44.4098323], [7.3736798, 44.4082624], [7.3617593, 44.410213], [7.3695912, 44.4125622], [7.3704076, 44.415377], [7.3750336, 44.4174118], [7.3754133, 44.4217809], [7.3886093, 44.4228688], [7.3884464, 44.426525], [7.3917773, 44.4273268], [7.3935724, 44.4326909], [7.3992226, 44.4326199], [7.4031285, 44.4319359], [7.4002785, 44.4423364], [7.3851477, 44.441514], [7.3813079, 44.4445213], [7.3766755, 44.4443004], [7.3771227, 44.4545467], [7.3695736, 44.4560042], [7.3661184, 44.4497984], [7.3634817, 44.4564887], [7.325011, 44.4629818], [7.3272738, 44.4684052], [7.3313664, 44.4665916], [7.3470226, 44.4744621], [7.350889, 44.4730609], [7.3641998, 44.474701], [7.3650283, 44.4696788], [7.373618, 44.4747986], [7.3773324, 44.4741756], [7.3788983, 44.4765884], [7.367282, 44.4784088], [7.3717512, 44.4854377], [7.3856713, 44.4912297], [7.3992483, 44.4893078], [7.4050718, 44.4853641], [7.4115659, 44.4824894], [7.4146718, 44.4933133], [7.4227231, 44.4976785], [7.4244598, 44.4980509], [7.4241114, 44.4981589], [7.4224915, 44.4992381], [7.4188195, 44.5013933], [7.416307, 44.5015411], [7.4137026, 44.5019461], [7.410848, 44.5021651], [7.4083273, 44.5010498], [7.4026456, 44.4997077], [7.4004648, 44.4993881], [7.3969799, 44.5001151], [7.3924842, 44.5004931], [7.3882031, 44.500022], [7.3852679, 44.4993111], [7.3821024, 44.4982767], [7.3814287, 44.5002028], [7.3807972, 44.5006079], [7.3799909, 44.5009116], [7.37927, 44.501347], [7.3782727, 44.5021565], [7.3760334, 44.5035201], [7.3744043, 44.5055585], [7.3731308, 44.5061166], [7.3726259, 44.5062291], [7.3697801, 44.5079638], [7.3695948, 44.5082493], [7.3678664, 44.5094804], [7.3652683, 44.5092317], [7.3637757, 44.5087377], [7.3624102, 44.50843], [7.358964, 44.5079664], [7.3574886, 44.5080892], [7.3568421, 44.5078188], [7.3558942, 44.5076386], [7.3552141, 44.5076513], [7.3551203, 44.5078976], [7.3542756, 44.5078224], [7.3539843, 44.5079037], [7.3533189, 44.5078986], [7.3526835, 44.5080695], [7.3510894, 44.5081365], [7.3507543, 44.5082802], [7.350123, 44.5083071], [7.3467854, 44.5079257], [7.3452346, 44.5079347], [7.3406061, 44.5087273], [7.3388405, 44.5091832], [7.3371197, 44.5097749], [7.3354601, 44.5098092], [7.3322346, 44.509411], [7.3318795, 44.5096894], [7.3306725, 44.5101039], [7.3297275, 44.5105942], [7.3274003, 44.5123426], [7.3254376, 44.5140964], [7.3246041, 44.5146423], [7.3233012, 44.5153254], [7.3210813, 44.5150767], [7.3207001, 44.5152061], [7.3195926, 44.5152168], [7.3190093, 44.5149382], [7.3158398, 44.5149004], [7.3144969, 44.5147816], [7.3138453, 44.5146909], [7.3119642, 44.5140419], [7.3108978, 44.5139361], [7.309172, 44.5140096], [7.3065491, 44.5146459], [7.306344, 44.5147779], [7.3051596, 44.5161377], [7.3039675, 44.5173264], [7.3034254, 44.5177955], [7.303098, 44.5176961], [7.3029924, 44.5188423], [7.3028359, 44.5190291], [7.3021694, 44.5194513], [7.3025202, 44.5203658], [7.3015004, 44.5208187], [7.3002626, 44.5218446], [7.3000213, 44.521922], [7.2993033, 44.5219473], [7.2971176, 44.5218157], [7.2954395, 44.5219707], [7.2932504, 44.521956], [7.291381, 44.5221981], [7.2893545, 44.5226449], [7.2866399, 44.5233874], [7.2843319, 44.524298], [7.2841996, 44.5247597], [7.2837817, 44.5253295], [7.2813883, 44.526788], [7.2787011, 44.5293762], [7.2772728, 44.5301334], [7.2763444, 44.5304885], [7.2760508, 44.5307091], [7.2748039, 44.5321262], [7.2729958, 44.5337374], [7.2713141, 44.534], [7.2698642, 44.5339375], [7.2688048, 44.534025], [7.2683061, 44.5341299], [7.2653545, 44.5351294], [7.2636843, 44.5359007], [7.2616737, 44.5365453], [7.2605539, 44.5370729], [7.2570163, 44.5384549], [7.2561748, 44.5389732], [7.2545745, 44.5402946], [7.2530241, 44.5413647], [7.2519471, 44.5422575], [7.2503713, 44.5424809], [7.2493491, 44.5427893], [7.2492615, 44.5426664], [7.2488985, 44.5426248], [7.2389381, 44.5418504], [7.2382399, 44.5417721], [7.2360031, 44.5412964], [7.2348581, 44.5413192], [7.2336082, 44.5411963], [7.2322203, 44.5406662], [7.2319233, 44.540369], [7.2308315, 44.5396769], [7.2283964, 44.5388559], [7.2276668, 44.538489], [7.2267745, 44.5382005], [7.2261286, 44.538186], [7.225533, 44.5382937], [7.2235836, 44.5379708], [7.2207261, 44.5377868], [7.2176244, 44.5367886], [7.216837, 44.5371859], [7.2153233, 44.5376799], [7.2140993, 44.5377688], [7.2132052, 44.5381959], [7.2113853, 44.5385005], [7.2103155, 44.5385242], [7.2097787, 44.5383268], [7.2076985, 44.5379115], [7.2072888, 44.5378916], [7.2048124, 44.5383523], [7.2010783, 44.5386221], [7.200012, 44.5389789], [7.1981275, 44.5391427], [7.197652, 44.5395358], [7.1971345, 44.5397077], [7.1959232, 44.5403142], [7.1949391, 44.5403977], [7.1936988, 44.5406436], [7.1926607, 44.5411899], [7.1918916, 44.5419159], [7.1904077, 44.542212], [7.1862847, 44.542061], [7.1855177, 44.5421118], [7.1845005, 44.5422847], [7.1836827, 44.5425237], [7.1821926, 44.5426395], [7.1805449, 44.5429374], [7.1802864, 44.5429017], [7.1790982, 44.5422391], [7.1773024, 44.5415352], [7.1761334, 44.541269], [7.1745056, 44.5412069], [7.1728735, 44.541712], [7.1722041, 44.5416472], [7.1713548, 44.5417462], [7.1706657, 44.5419332], [7.1702347, 44.5419173], [7.1692759, 44.5416588], [7.168156, 44.5411052], [7.1677785, 44.5410136], [7.1652472, 44.5394515], [7.1650049, 44.5391145], [7.1640514, 44.5387885], [7.16191, 44.5376648], [7.160947, 44.5372936], [7.159003, 44.5371227], [7.1581793, 44.53715], [7.1571282, 44.5373536], [7.1557739, 44.5374037], [7.1551, 44.5376674], [7.1540939, 44.5384253], [7.153731, 44.5388066], [7.152609, 44.5392836], [7.1517615, 44.5395759], [7.1488946, 44.5401506], [7.1480286, 44.5407173], [7.1474984, 44.5412848], [7.1467336, 44.5418711], [7.1459063, 44.5426634], [7.1446891, 44.5433593], [7.1427845, 44.5442601], [7.1424012, 44.5443619], [7.1385115, 44.5445686], [7.1347856, 44.5446473], [7.1342978, 44.5445358], [7.1333726, 44.5447322], [7.1330602, 44.5447226], [7.1326937, 44.5445455], [7.131937, 44.5444656], [7.1306242, 44.5446287], [7.1297856, 44.5448355], [7.1286768, 44.5452945], [7.1278042, 44.5458248], [7.1268531, 44.5465564], [7.1258974, 44.547441], [7.1251787, 44.5482979], [7.1249194, 44.5484692], [7.1246203, 44.5489505], [7.1237943, 44.549324], [7.1215471, 44.5500477], [7.1206449, 44.5505505], [7.1191285, 44.5510297], [7.1171973, 44.5520737], [7.1160774, 44.5524828], [7.1146577, 44.5533641], [7.113594, 44.5537471], [7.1128609, 44.5538836], [7.1116498, 44.5545072], [7.1095227, 44.5552732], [7.1085113, 44.5558867], [7.1079963, 44.5560807], [7.1066475, 44.5563734], [7.1054282, 44.5569653], [7.1036792, 44.5573639], [7.1020611, 44.5581788], [7.1003046, 44.5586987], [7.0984698, 44.5587851], [7.0962152, 44.5594227], [7.09403, 44.5598859], [7.0937798, 44.5600258], [7.0934627, 44.5603851], [7.0924382, 44.5608631], [7.0922305, 44.5609947], [7.0921569, 44.5611735], [7.0917024, 44.561463], [7.090282, 44.5618668], [7.0884831, 44.5620438], [7.0873374, 44.5623487], [7.0867141, 44.5627433], [7.0864531, 44.5632026], [7.0862514, 44.5634018], [7.0849579, 44.5636907], [7.0838002, 44.5644815], [7.0814045, 44.5651839], [7.0805997, 44.565616], [7.0797503, 44.5662679], [7.0794122, 44.5663747], [7.0785766, 44.5664642], [7.0775064, 44.5662301], [7.0740527, 44.566496], [7.073379, 44.5666602], [7.0716473, 44.5675087], [7.0714016, 44.567536], [7.0696366, 44.566975], [7.0686993, 44.5668556], [7.0680836, 44.5666832], [7.0673454, 44.5663826], [7.0666992, 44.5660025], [7.0659824, 44.5660444], [7.0652184, 44.5662385], [7.0634242, 44.5664061], [7.061144, 44.5663359], [7.0602643, 44.5660464], [7.0597299, 44.5659878], [7.059035, 44.5660795], [7.0585524, 44.5662963], [7.0573972, 44.5670689], [7.0569622, 44.5672731], [7.0552461, 44.5676354], [7.0548317, 44.5676464], [7.0521621, 44.5669797], [7.0515631, 44.5667354], [7.0505191, 44.5660018], [7.0500581, 44.5655708], [7.0485098, 44.5651528], [7.0460369, 44.5647998], [7.0450834, 44.5648825], [7.0445321, 44.5647651], [7.0441963, 44.5648133], [7.0436761, 44.5647414], [7.0420157, 44.5647219], [7.0402802, 44.5644085], [7.0398377, 44.5639913], [7.0394134, 44.5637365], [7.0362844, 44.5624673], [7.0351939, 44.562282], [7.0346677, 44.5619803], [7.0333434, 44.5616244], [7.032737, 44.5616005], [7.0307428, 44.5607378], [7.0266352, 44.559465], [7.0259751, 44.559089], [7.0252958, 44.558303], [7.0234489, 44.5572537], [7.0221446, 44.5554756], [7.0220647, 44.554502], [7.0223468, 44.5539577], [7.0223904, 44.5530897], [7.0219119, 44.5526268], [7.0215677, 44.5519636], [7.0213652, 44.5508573], [7.0218878, 44.5493674], [7.0196611, 44.5489147], [7.0190333, 44.5485527], [7.0175302, 44.5479234], [7.0170413, 44.5476178], [7.0166094, 44.5475113], [7.0157654, 44.5478522], [7.0145596, 44.5478988], [7.013126, 44.5475047], [7.0123551, 44.5471987], [7.0110731, 44.5457314], [7.0097149, 44.5446184], [7.00905, 44.5442152], [7.0077511, 44.5436164], [7.0068476, 44.5425743], [7.0045345, 44.541287], [7.0030719, 44.5410724], [7.0014387, 44.5398059], [7.0005046, 44.5388848], [7.000206, 44.5384159], [7.0002508, 44.5381646], [6.9994308, 44.5385059], [6.9989368, 44.5386052], [6.9974331, 44.5385924], [6.9947439, 44.5378789], [6.994384, 44.5377421], [6.9937306, 44.537321], [6.9929969, 44.5363853], [6.9926837, 44.5358396], [6.9922561, 44.535508], [6.9908533, 44.5346011], [6.9904211, 44.5344044], [6.9896169, 44.5341607], [6.9891374, 44.5341162], [6.9876083, 44.5344314], [6.9852325, 44.5353257], [6.9844959, 44.5356998], [6.9839129, 44.5360766], [6.9832522, 44.5366771], [6.9817411, 44.538496], [6.9808059, 44.5393437], [6.979771, 44.5395459], [6.9768743, 44.5398322], [6.974963, 44.540388], [6.9726087, 44.5418721], [6.9713555, 44.542435], [6.9696274, 44.5436331], [6.9693056, 44.5437579], [6.9654184, 44.5447105], [6.9623625, 44.5451286], [6.9601774, 44.5458908], [6.9579108, 44.5471106], [6.9569247, 44.5477907], [6.9541956, 44.5494073], [6.9517807, 44.5505658], [6.9505197, 44.5507457], [6.9491717, 44.5510951], [6.9481968, 44.5511946], [6.9471786, 44.550222], [6.9463636, 44.5492216], [6.9459291, 44.5489257], [6.9453697, 44.5487131], [6.9419416, 44.5483632], [6.9408246, 44.5479065], [6.9393604, 44.5469573], [6.9382061, 44.5464143], [6.9374407, 44.5463104], [6.9369674, 44.5463334], [6.9362998, 44.5465239], [6.9323453, 44.5484779], [6.9315408, 44.5494761], [6.9310874, 44.549702], [6.9300368, 44.5496514], [6.9294655, 44.5497851], [6.9292538, 44.5500423], [6.9283184, 44.5501694], [6.9267681, 44.5505194], [6.9257932, 44.5506187], [6.9252964, 44.5509248], [6.9249552, 44.5514137], [6.9249039, 44.5530332], [6.9230115, 44.5540251], [6.9213142, 44.5557587], [6.9192241, 44.5573366], [6.9187591, 44.5581834], [6.9185253, 44.5588228], [6.9173815, 44.5605845], [6.9163912, 44.5617052], [6.9157328, 44.5618286]]]]}}, {"type": "Feature", "properties": {"id": "IT-21-CN-05", "start_date": "2022-03-04", "end_date": null}, "geometry": {"type": "MultiPolygon", "coordinates": [[[[7.4244598, 44.4980509], [7.4371813, 44.5007784], [7.4386923, 44.5117332], [7.4303617, 44.5126631], [7.4267582, 44.5128585], [7.4270769, 44.5179131], [7.4234086, 44.5187229], [7.4262781, 44.5213407], [7.4230581, 44.5251994], [7.417464, 44.5225402], [7.4167669, 44.5198324], [7.4129303, 44.521755], [7.4097227, 44.5244931], [7.4062428, 44.5297686], [7.4170437, 44.5296736], [7.4246596, 44.5377597], [7.4202718, 44.5442302], [7.4225371, 44.5462525], [7.4200209, 44.5509407], [7.4255988, 44.5540834], [7.4142964, 44.5570668], [7.4120429, 44.5546264], [7.4139559, 44.5481094], [7.4100325, 44.5426955], [7.4095965, 44.5498607], [7.4051259, 44.5519293], [7.4067402, 44.5573495], [7.3982171, 44.55875], [7.3921819, 44.5609121], [7.3875517, 44.5630844], [7.3835983, 44.5605096], [7.3794847, 44.5618475], [7.3753588, 44.563277], [7.3693904, 44.5633354], [7.364873, 44.5659773], [7.3575684, 44.5647444], [7.3477267, 44.5562996], [7.3393106, 44.5549154], [7.339762, 44.5524085], [7.328867, 44.5575269], [7.3255339, 44.5618317], [7.3279264, 44.5624048], [7.3362109, 44.556588], [7.3435879, 44.5577006], [7.3516243, 44.5691929], [7.3422643, 44.5758232], [7.3473458, 44.575709], [7.3533134, 44.5702095], [7.3568045, 44.5701439], [7.3605075, 44.5744026], [7.368888, 44.5711221], [7.3706454, 44.572206], [7.3723035, 44.5699731], [7.3791627, 44.5714317], [7.3801823, 44.5697338], [7.3844566, 44.5712471], [7.3891666, 44.5698127], [7.3924739, 44.5683254], [7.3967324, 44.5657026], [7.3993043, 44.565444], [7.4043601, 44.5670134], [7.4090687, 44.5668874], [7.4194173, 44.5656987], [7.4244637, 44.5642981], [7.4338714, 44.5654423], [7.4470291, 44.5651175], [7.4493526, 44.5708492], [7.4562668, 44.5798538], [7.4599624, 44.586683], [7.46636, 44.5888107], [7.4633388, 44.5972063], [7.4604689, 44.5996967], [7.4498629, 44.6029768], [7.4543948, 44.6061763], [7.4518063, 44.607546], [7.4449773, 44.6060128], [7.4420306, 44.6031045], [7.4347692, 44.6031725], [7.4305325, 44.6001312], [7.4255656, 44.5977876], [7.4208354, 44.597129], [7.4179369, 44.5969977], [7.4108672, 44.5954603], [7.4078052, 44.5942473], [7.4052318, 44.5933639], [7.4031884, 44.5919322], [7.4001334, 44.590403], [7.3978059, 44.5937298], [7.3879771, 44.5940572], [7.3924472, 44.5966274], [7.3927895, 44.6000794], [7.3960614, 44.6026494], [7.4014214, 44.6052377], [7.4008388, 44.6075678], [7.4058402, 44.6092613], [7.4038519, 44.6126578], [7.4018421, 44.6138403], [7.3982776, 44.6161074], [7.3956256, 44.6182934], [7.3936416, 44.6144419], [7.3903556, 44.6172291], [7.3878024, 44.6141549], [7.3845566, 44.6155314], [7.3846599, 44.6183943], [7.3803676, 44.6184363], [7.3732341, 44.6168859], [7.3700737, 44.6167633], [7.3686599, 44.6192714], [7.3650842, 44.6188482], [7.3581799, 44.6169349], [7.3539117, 44.6162179], [7.3473887, 44.6172204], [7.3510343, 44.6202251], [7.3449643, 44.6217953], [7.3397237, 44.6246962], [7.3329245, 44.6250383], [7.3273064, 44.631751], [7.3239116, 44.6330177], [7.3184284, 44.6379438], [7.3121364, 44.645451], [7.3002739, 44.6525109], [7.296577, 44.6563003], [7.2909194, 44.661924], [7.2865227, 44.6662027], [7.2852935, 44.668544], [7.2834205, 44.670614], [7.2771983, 44.6753665], [7.2732771, 44.6754641], [7.2676044, 44.6818093], [7.2695849, 44.6851018], [7.2739737, 44.6874639], [7.2773231, 44.6895007], [7.2756294, 44.6942196], [7.2810309, 44.6953894], [7.2811493, 44.6986998], [7.2855373, 44.6976271], [7.287448, 44.6993645], [7.2889065, 44.6959698], [7.2895177, 44.6994855], [7.2926186, 44.697873], [7.2955862, 44.7017759], [7.2938474, 44.7055699], [7.2896507, 44.7055275], [7.2909482, 44.7106257], [7.2850541, 44.7094217], [7.290817, 44.7193623], [7.2827278, 44.7197806], [7.285707, 44.7244325], [7.2816218, 44.7237666], [7.2806623, 44.729606], [7.2685675, 44.7286993], [7.2780078, 44.7346034], [7.2757551, 44.7364746], [7.2791909, 44.7409786], [7.2645137, 44.7507904], [7.2712943, 44.7517846], [7.2726429, 44.755766], [7.2813578, 44.7620238], [7.2778079, 44.7650715], [7.2785203, 44.7676567], [7.2705074, 44.7683507], [7.2741441, 44.7720272], [7.2700276, 44.7730607], [7.2741226, 44.7755139], [7.2709133, 44.7759313], [7.2698876, 44.775601], [7.2681763, 44.775296], [7.2670771, 44.7752073], [7.2615981, 44.7740347], [7.2585701, 44.7735519], [7.2540969, 44.7731505], [7.2497402, 44.7708197], [7.249332, 44.7707369], [7.2489165, 44.770807], [7.24806, 44.7704248], [7.2462726, 44.7698797], [7.2439547, 44.7694435], [7.2435243, 44.7692838], [7.2406987, 44.7686641], [7.2398567, 44.7685476], [7.2361099, 44.7684988], [7.2343663, 44.7688004], [7.2323232, 44.7695483], [7.2312259, 44.7691659], [7.2291047, 44.7686064], [7.2225305, 44.7673293], [7.2209131, 44.7669441], [7.2174125, 44.7659397], [7.212863, 44.7648153], [7.208452, 44.7638954], [7.2080501, 44.7638801], [7.1993488, 44.7616951], [7.1959696, 44.7615202], [7.1949874, 44.760969], [7.1946551, 44.7609367], [7.1947638, 44.7608214], [7.194214, 44.7607767], [7.1938228, 44.7605184], [7.1932077, 44.7602882], [7.1927682, 44.7599751], [7.1923258, 44.7594032], [7.1915324, 44.7593884], [7.190933, 44.7591505], [7.1895776, 44.7591999], [7.1862209, 44.7603169], [7.1850412, 44.7603881], [7.1843357, 44.760764], [7.1840391, 44.760837], [7.1832178, 44.760665], [7.1822857, 44.7604343], [7.1809616, 44.7604267], [7.1797397, 44.7598311], [7.1792095, 44.759314], [7.1785864, 44.7590655], [7.177012, 44.7589953], [7.1747664, 44.7595401], [7.1737294, 44.7601141], [7.1730382, 44.7603406], [7.1719233, 44.761025], [7.1711799, 44.7612709], [7.1703422, 44.7611662], [7.1677368, 44.7604492], [7.1669398, 44.7603914], [7.1662241, 44.7604249], [7.1654197, 44.760592], [7.1590265, 44.7604351], [7.1577947, 44.7592674], [7.1575938, 44.758778], [7.1574354, 44.7582713], [7.1575178, 44.7576065], [7.1573973, 44.7571724], [7.1574624, 44.7561067], [7.1571713, 44.7548957], [7.156859, 44.75467], [7.1567187, 44.7539296], [7.1559506, 44.7528324], [7.1552933, 44.7528218], [7.1539626, 44.7513284], [7.1524203, 44.749998], [7.1517555, 44.7492446], [7.1516193, 44.7489723], [7.1511744, 44.7462734], [7.1506356, 44.7450988], [7.1499111, 44.7442004], [7.1495077, 44.7439643], [7.1494538, 44.7433287], [7.1493168, 44.7430626], [7.1490581, 44.7429127], [7.1480713, 44.7427031], [7.1470588, 44.7423716], [7.1463105, 44.7420084], [7.1447337, 44.7402183], [7.1443314, 44.7399011], [7.1434178, 44.7394137], [7.1424592, 44.7387589], [7.1412641, 44.7382038], [7.1394833, 44.7367974], [7.1388075, 44.7366493], [7.1375075, 44.7364546], [7.1371675, 44.736485], [7.1361273, 44.7367606], [7.1341902, 44.7376697], [7.1331874, 44.7379594], [7.1308656, 44.7384571], [7.1302717, 44.7385013], [7.1297179, 44.7383572], [7.1292726, 44.7380394], [7.1287634, 44.737896], [7.1279723, 44.7378894], [7.1277673, 44.7377581], [7.1267971, 44.7356716], [7.1251622, 44.7328315], [7.1229273, 44.7301211], [7.1221695, 44.7294064], [7.1216281, 44.7284657], [7.1207551, 44.7260207], [7.1202522, 44.7257122], [7.1185777, 44.7249361], [7.117836, 44.7247843], [7.1165258, 44.7247402], [7.1159611, 44.7246183], [7.114835, 44.7240686], [7.1137633, 44.7237403], [7.1114533, 44.7228468], [7.1107225, 44.7226772], [7.109082, 44.7226815], [7.1056092, 44.7228895], [7.1041528, 44.7228023], [7.1035005, 44.7226474], [7.1028491, 44.7223575], [7.1023189, 44.7218086], [7.101699, 44.7213887], [7.1012521, 44.7212372], [7.100391, 44.7210743], [7.0994505, 44.7210316], [7.0970525, 44.7210502], [7.0957279, 44.720821], [7.0948114, 44.7203601], [7.0938907, 44.719512], [7.093564, 44.719142], [7.0932101, 44.7185509], [7.0921952, 44.7177507], [7.0908145, 44.7169399], [7.0895545, 44.7164057], [7.088746, 44.715906], [7.086986, 44.7150663], [7.0862269, 44.7150311], [7.0848994, 44.7155174], [7.0833411, 44.7159324], [7.0822785, 44.7164592], [7.0810848, 44.7168352], [7.0790777, 44.716932], [7.0757384, 44.7167947], [7.073759, 44.7182422], [7.0729674, 44.7182829], [7.0705708, 44.7181974], [7.0701235, 44.7181223], [7.0695673, 44.7179058], [7.0676614, 44.7164647], [7.0669532, 44.715764], [7.0665259, 44.7150906], [7.0653709, 44.7138123], [7.0651764, 44.7136773], [7.0652371, 44.7136636], [7.0672016, 44.7030205], [7.0707254, 44.701124], [7.0752525, 44.6903874], [7.0762677, 44.6777189], [7.0484979, 44.6830529], [7.0378546, 44.689196], [7.0287249, 44.6916795], [7.0113122, 44.6879496], [7.0081193, 44.6895212], [7.0028159, 44.6853794], [6.9991078, 44.6906514], [6.9914367, 44.6898593], [6.9771605, 44.6834807], [6.9707344, 44.6779077], [6.9627515, 44.6789072], [6.9578827, 44.6709516], [6.9585843, 44.6661942], [6.9481542, 44.6537399], [6.9537597, 44.6463056], [6.9530668, 44.6407203], [6.9570981, 44.6341101], [6.9687105, 44.6257909], [6.9665111, 44.6196993], [6.9643991, 44.6188033], [6.9581959, 44.6218415], [6.9497222, 44.6194147], [6.9493461, 44.6093811], [6.937558, 44.6044464], [6.9385214, 44.5990167], [6.9333742, 44.5955891], [6.9332025, 44.5747271], [6.9126393, 44.5688634], [6.9159012, 44.5620918], [6.9157328, 44.5618286], [6.9163912, 44.5617052], [6.9173815, 44.5605845], [6.9185253, 44.5588228], [6.9187591, 44.5581834], [6.9192241, 44.5573366], [6.9213142, 44.5557587], [6.9230115, 44.5540251], [6.9249039, 44.5530332], [6.9249552, 44.5514137], [6.9252964, 44.5509248], [6.9257932, 44.5506187], [6.9267681, 44.5505194], [6.9283184, 44.5501694], [6.9292538, 44.5500423], [6.9294655, 44.5497851], [6.9300368, 44.5496514], [6.9310874, 44.549702], [6.9315408, 44.5494761], [6.9323453, 44.5484779], [6.9362998, 44.5465239], [6.9369674, 44.5463334], [6.9374407, 44.5463104], [6.9382061, 44.5464143], [6.9393604, 44.5469573], [6.9408246, 44.5479065], [6.9419416, 44.5483632], [6.9453697, 44.5487131], [6.9459291, 44.5489257], [6.9463636, 44.5492216], [6.9471786, 44.550222], [6.9481968, 44.5511946], [6.9491717, 44.5510951], [6.9505197, 44.5507457], [6.9517807, 44.5505658], [6.9541956, 44.5494073], [6.9569247, 44.5477907], [6.9579108, 44.5471106], [6.9601774, 44.5458908], [6.9623625, 44.5451286], [6.9654184, 44.5447105], [6.9693056, 44.5437579], [6.9696274, 44.5436331], [6.9713555, 44.542435], [6.9726087, 44.5418721], [6.974963, 44.540388], [6.9768743, 44.5398322], [6.979771, 44.5395459], [6.9808059, 44.5393437], [6.9817411, 44.538496], [6.9832522, 44.5366771], [6.9839129, 44.5360766], [6.9844959, 44.5356998], [6.9852325, 44.5353257], [6.9876083, 44.5344314], [6.9891374, 44.5341162], [6.9896169, 44.5341607], [6.9904211, 44.5344044], [6.9908533, 44.5346011], [6.9922561, 44.535508], [6.9926837, 44.5358396], [6.9929969, 44.5363853], [6.9937306, 44.537321], [6.994384, 44.5377421], [6.9947439, 44.5378789], [6.9974331, 44.5385924], [6.9989368, 44.5386052], [6.9994308, 44.5385059], [7.0002508, 44.5381646], [7.000206, 44.5384159], [7.0005046, 44.5388848], [7.0014387, 44.5398059], [7.0030719, 44.5410724], [7.0045345, 44.541287], [7.0068476, 44.5425743], [7.0077511, 44.5436164], [7.00905, 44.5442152], [7.0097149, 44.5446184], [7.0110731, 44.5457314], [7.0123551, 44.5471987], [7.013126, 44.5475047], [7.0145596, 44.5478988], [7.0157654, 44.5478522], [7.0166094, 44.5475113], [7.0170413, 44.5476178], [7.0175302, 44.5479234], [7.0190333, 44.5485527], [7.0196611, 44.5489147], [7.0218878, 44.5493674], [7.0213652, 44.5508573], [7.0215677, 44.5519636], [7.0219119, 44.5526268], [7.0223904, 44.5530897], [7.0223468, 44.5539577], [7.0220647, 44.554502], [7.0221446, 44.5554756], [7.0234489, 44.5572537], [7.0252958, 44.558303], [7.0259751, 44.559089], [7.0266352, 44.559465], [7.0307428, 44.5607378], [7.032737, 44.5616005], [7.0333434, 44.5616244], [7.0346677, 44.5619803], [7.0351939, 44.562282], [7.0362844, 44.5624673], [7.0394134, 44.5637365], [7.0398377, 44.5639913], [7.0402802, 44.5644085], [7.0420157, 44.5647219], [7.0436761, 44.5647414], [7.0441963, 44.5648133], [7.0445321, 44.5647651], [7.0450834, 44.5648825], [7.0460369, 44.5647998], [7.0485098, 44.5651528], [7.0500581, 44.5655708], [7.0505191, 44.5660018], [7.0515631, 44.5667354], [7.0521621, 44.5669797], [7.0548317, 44.5676464], [7.0552461, 44.5676354], [7.0569622, 44.5672731], [7.0573972, 44.5670689], [7.0585524, 44.5662963], [7.059035, 44.5660795], [7.0597299, 44.5659878], [7.0602643, 44.5660464], [7.061144, 44.5663359], [7.0634242, 44.5664061], [7.0652184, 44.5662385], [7.0659824, 44.5660444], [7.0666992, 44.5660025], [7.0673454, 44.5663826], [7.0680836, 44.5666832], [7.0686993, 44.5668556], [7.0696366, 44.566975], [7.0714016, 44.567536], [7.0716473, 44.5675087], [7.073379, 44.5666602], [7.0740527, 44.566496], [7.0775064, 44.5662301], [7.0785766, 44.5664642], [7.0794122, 44.5663747], [7.0797503, 44.5662679], [7.0805997, 44.565616], [7.0814045, 44.5651839], [7.0838002, 44.5644815], [7.0849579, 44.5636907], [7.0862514, 44.5634018], [7.0864531, 44.5632026], [7.0867141, 44.5627433], [7.0873374, 44.5623487], [7.0884831, 44.5620438], [7.090282, 44.5618668], [7.0917024, 44.561463], [7.0921569, 44.5611735], [7.0922305, 44.5609947], [7.0924382, 44.5608631], [7.0934627, 44.5603851], [7.0937798, 44.5600258], [7.09403, 44.5598859], [7.0962152, 44.5594227], [7.0984698, 44.5587851], [7.1003046, 44.5586987], [7.1020611, 44.5581788], [7.1036792, 44.5573639], [7.1054282, 44.5569653], [7.1066475, 44.5563734], [7.1079963, 44.5560807], [7.1085113, 44.5558867], [7.1095227, 44.5552732], [7.1116498, 44.5545072], [7.1128609, 44.5538836], [7.113594, 44.5537471], [7.1146577, 44.5533641], [7.1160774, 44.5524828], [7.1171973, 44.5520737], [7.1191285, 44.5510297], [7.1206449, 44.5505505], [7.1215471, 44.5500477], [7.1237943, 44.549324], [7.1246203, 44.5489505], [7.1249194, 44.5484692], [7.1251787, 44.5482979], [7.1258974, 44.547441], [7.1268531, 44.5465564], [7.1278042, 44.5458248], [7.1286768, 44.5452945], [7.1297856, 44.5448355], [7.1306242, 44.5446287], [7.131937, 44.5444656], [7.1326937, 44.5445455], [7.1330602, 44.5447226], [7.1333726, 44.5447322], [7.1342978, 44.5445358], [7.1347856, 44.5446473], [7.1385115, 44.5445686], [7.1424012, 44.5443619], [7.1427845, 44.5442601], [7.1446891, 44.5433593], [7.1459063, 44.5426634], [7.1467336, 44.5418711], [7.1474984, 44.5412848], [7.1480286, 44.5407173], [7.1488946, 44.5401506], [7.1517615, 44.5395759], [7.152609, 44.5392836], [7.153731, 44.5388066], [7.1540939, 44.5384253], [7.1551, 44.5376674], [7.1557739, 44.5374037], [7.1571282, 44.5373536], [7.1581793, 44.53715], [7.159003, 44.5371227], [7.160947, 44.5372936], [7.16191, 44.5376648], [7.1640514, 44.5387885], [7.1650049, 44.5391145], [7.1652472, 44.5394515], [7.1677785, 44.5410136], [7.168156, 44.5411052], [7.1692759, 44.5416588], [7.1702347, 44.5419173], [7.1706657, 44.5419332], [7.1713548, 44.5417462], [7.1722041, 44.5416472], [7.1728735, 44.541712], [7.1745056, 44.5412069], [7.1761334, 44.541269], [7.1773024, 44.5415352], [7.1790982, 44.5422391], [7.1802864, 44.5429017], [7.1805449, 44.5429374], [7.1821926, 44.5426395], [7.1836827, 44.5425237], [7.1845005, 44.5422847], [7.1855177, 44.5421118], [7.1862847, 44.542061], [7.1904077, 44.542212], [7.1918916, 44.5419159], [7.1926607, 44.5411899], [7.1936988, 44.5406436], [7.1949391, 44.5403977], [7.1959232, 44.5403142], [7.1971345, 44.5397077], [7.197652, 44.5395358], [7.1981275, 44.5391427], [7.200012, 44.5389789], [7.2010783, 44.5386221], [7.2048124, 44.5383523], [7.2072888, 44.5378916], [7.2076985, 44.5379115], [7.2097787, 44.5383268], [7.2103155, 44.5385242], [7.2113853, 44.5385005], [7.2132052, 44.5381959], [7.2140993, 44.5377688], [7.2153233, 44.5376799], [7.216837, 44.5371859], [7.2176244, 44.5367886], [7.2207261, 44.5377868], [7.2235836, 44.5379708], [7.225533, 44.5382937], [7.2261286, 44.538186], [7.2267745, 44.5382005], [7.2276668, 44.538489], [7.2283964, 44.5388559], [7.2308315, 44.5396769], [7.2319233, 44.540369], [7.2322203, 44.5406662], [7.2336082, 44.5411963], [7.2348581, 44.5413192], [7.2360031, 44.5412964], [7.2382399, 44.5417721], [7.2389381, 44.5418504], [7.2488985, 44.5426248], [7.2492615, 44.5426664], [7.2493491, 44.5427893], [7.2503713, 44.5424809], [7.2519471, 44.5422575], [7.2530241, 44.5413647], [7.2545745, 44.5402946], [7.2561748, 44.5389732], [7.2570163, 44.5384549], [7.2605539, 44.5370729], [7.2616737, 44.5365453], [7.2636843, 44.5359007], [7.2653545, 44.5351294], [7.2683061, 44.5341299], [7.2688048, 44.534025], [7.2698642, 44.5339375], [7.2713141, 44.534], [7.2729958, 44.5337374], [7.2748039, 44.5321262], [7.2760508, 44.5307091], [7.2763444, 44.5304885], [7.2772728, 44.5301334], [7.2787011, 44.5293762], [7.2813883, 44.526788], [7.2837817, 44.5253295], [7.2841996, 44.5247597], [7.2843319, 44.524298], [7.2866399, 44.5233874], [7.2893545, 44.5226449], [7.291381, 44.5221981], [7.2932504, 44.521956], [7.2954395, 44.5219707], [7.2971176, 44.5218157], [7.2993033, 44.5219473], [7.3000213, 44.521922], [7.3002626, 44.5218446], [7.3015004, 44.5208187], [7.3025202, 44.5203658], [7.3021694, 44.5194513], [7.3028359, 44.5190291], [7.3029924, 44.5188423], [7.303098, 44.5176961], [7.3034254, 44.5177955], [7.3039675, 44.5173264], [7.3051596, 44.5161377], [7.306344, 44.5147779], [7.3065491, 44.5146459], [7.309172, 44.5140096], [7.3108978, 44.5139361], [7.3119642, 44.5140419], [7.3138453, 44.5146909], [7.3144969, 44.5147816], [7.3158398, 44.5149004], [7.3190093, 44.5149382], [7.3195926, 44.5152168], [7.3207001, 44.5152061], [7.3210813, 44.5150767], [7.3233012, 44.5153254], [7.3246041, 44.5146423], [7.3254376, 44.5140964], [7.3274003, 44.5123426], [7.3297275, 44.5105942], [7.3306725, 44.5101039], [7.3318795, 44.5096894], [7.3322346, 44.509411], [7.3354601, 44.5098092], [7.3371197, 44.5097749], [7.3388405, 44.5091832], [7.3406061, 44.5087273], [7.3452346, 44.5079347], [7.3467854, 44.5079257], [7.350123, 44.5083071], [7.3507543, 44.5082802], [7.3510894, 44.5081365], [7.3526835, 44.5080695], [7.3533189, 44.5078986], [7.3539843, 44.5079037], [7.3542756, 44.5078224], [7.3551203, 44.5078976], [7.3552141, 44.5076513], [7.3558942, 44.5076386], [7.3568421, 44.5078188], [7.3574886, 44.5080892], [7.358964, 44.5079664], [7.3624102, 44.50843], [7.3637757, 44.5087377], [7.3652683, 44.5092317], [7.3678664, 44.5094804], [7.3695948, 44.5082493], [7.3697801, 44.5079638], [7.3726259, 44.5062291], [7.3731308, 44.5061166], [7.3744043, 44.5055585], [7.3760334, 44.5035201], [7.3782727, 44.5021565], [7.37927, 44.501347], [7.3799909, 44.5009116], [7.3807972, 44.5006079], [7.3814287, 44.5002028], [7.3821024, 44.4982767], [7.3852679, 44.4993111], [7.3882031, 44.500022], [7.3924842, 44.5004931], [7.3969799, 44.5001151], [7.4004648, 44.4993881], [7.4026456, 44.4997077], [7.4083273, 44.5010498], [7.410848, 44.5021651], [7.4137026, 44.5019461], [7.416307, 44.5015411], [7.4188195, 44.5013933], [7.4224915, 44.4992381], [7.4241114, 44.4981589], [7.4244598, 44.4980509]]]]}}, {"type": "Feature", "properties": {"id": "IT-21-TO-02", "start_date": "2022-03-04", "end_date": null}, "geometry": {"type": "MultiPolygon", "coordinates": [[[[7.0224081, 45.158679], [7.0204527, 45.1573174], [7.0235447, 45.1544946], [7.0621141, 45.1436527], [7.0706773, 45.1425359], [7.1118727, 45.1445432], [7.1137895, 45.1449563], [7.1169916, 45.1446806], [7.1277611, 45.149845], [7.1491437, 45.1497401], [7.1520114, 45.1499664], [7.1582199, 45.1523154], [7.1705978, 45.1515263], [7.174238, 45.1493252], [7.1834782, 45.1515711], [7.1926949, 45.1506177], [7.2133061, 45.1407953], [7.218516, 45.1394462], [7.2208405, 45.1410661], [7.2247694, 45.1345593], [7.24002, 45.1317315], [7.2441628, 45.1280506], [7.252972, 45.1267644], [7.2598406, 45.1221083], [7.273267, 45.1206352], [7.2832366, 45.1224876], [7.2953794, 45.121773], [7.2929064, 45.1246115], [7.2955926, 45.1271657], [7.3081183, 45.1268414], [7.3102215, 45.1237797], [7.3172992, 45.1268654], [7.3192767, 45.1243415], [7.323015, 45.1272728], [7.3343795, 45.1233261], [7.3666204, 45.1236815], [7.3841926, 45.1304439], [7.3796573, 45.1324533], [7.3811487, 45.1350212], [7.3791297, 45.1362988], [7.3835132, 45.1434747], [7.3886002, 45.1437387], [7.3904748, 45.1490387], [7.3883415, 45.152604], [7.3906193, 45.1531315], [7.4017289, 45.1393232], [7.4000725, 45.1341197], [7.4086856, 45.1316856], [7.4100439, 45.1266155], [7.4166379, 45.1256636], [7.4185327, 45.1280442], [7.423958, 45.1289977], [7.4378103, 45.1253396], [7.4429588, 45.1192079], [7.4361412, 45.1123448], [7.4463413, 45.1082022], [7.4635955, 45.1057394], [7.4704219, 45.1087562], [7.4651505, 45.1131523], [7.4719363, 45.1234556], [7.4663919, 45.1234851], [7.4648308, 45.1263571], [7.4576294, 45.1251638], [7.4535923, 45.1294228], [7.4546218, 45.1336737], [7.4472139, 45.1337493], [7.4426872, 45.1376422], [7.4423567, 45.1403308], [7.4353089, 45.1452565], [7.4325681, 45.1532234], [7.425038, 45.1574157], [7.4240634, 45.1683945], [7.3966622, 45.1770103], [7.3943048, 45.1766036], [7.3914684, 45.1766852], [7.3896192, 45.1770146], [7.3864032, 45.1778064], [7.385067, 45.1779405], [7.3825512, 45.1779049], [7.381193, 45.1780702], [7.3797865, 45.1784418], [7.3790904, 45.179116], [7.378703, 45.1793536], [7.3785548, 45.179365], [7.3776046, 45.1793065], [7.3728023, 45.1778563], [7.3714378, 45.1775038], [7.3710366, 45.1774711], [7.3683634, 45.1792422], [7.3675213, 45.1798603], [7.3671706, 45.1802874], [7.3661764, 45.1810338], [7.3657502, 45.1811357], [7.3652429, 45.1811285], [7.363187, 45.1806129], [7.3598036, 45.1797722], [7.3588561, 45.1796235], [7.3569736, 45.1796234], [7.3559967, 45.1797624], [7.354652, 45.1801886], [7.3540931, 45.1804956], [7.3539417, 45.1806149], [7.3536068, 45.1812357], [7.3530009, 45.1817086], [7.3525074, 45.1819535], [7.3445143, 45.1837057], [7.3425246, 45.1844735], [7.3416514, 45.1846813], [7.3384258, 45.1850395], [7.3355639, 45.1852543], [7.3332158, 45.1845314], [7.3322969, 45.1841264], [7.3296, 45.1844921], [7.3289576, 45.1854864], [7.3285192, 45.186002], [7.3272208, 45.1870092], [7.3268675, 45.1875126], [7.326592, 45.1882558], [7.3245182, 45.1882703], [7.3232942, 45.1881758], [7.3213493, 45.1874181], [7.3209468, 45.1874302], [7.3198561, 45.1878327], [7.3174748, 45.1878921], [7.3155789, 45.1876211], [7.3132297, 45.1869428], [7.3119546, 45.187149], [7.3092015, 45.1879679], [7.3071171, 45.1897778], [7.3043936, 45.1903045], [7.302019, 45.1904807], [7.3016401, 45.1904166], [7.2997181, 45.1896093], [7.2989503, 45.1891028], [7.297576, 45.1876555], [7.2943091, 45.186558], [7.2903233, 45.184734], [7.2875443, 45.1857095], [7.2857249, 45.1864203], [7.2852731, 45.1866701], [7.2817577, 45.1896238], [7.2818234, 45.1916592], [7.2817203, 45.1922698], [7.2815893, 45.1924028], [7.2780449, 45.1940327], [7.2769768, 45.193805], [7.2762221, 45.1937666], [7.2752024, 45.1935037], [7.2738653, 45.1933844], [7.271656, 45.1927839], [7.2696771, 45.1938611], [7.269239, 45.1943496], [7.2692954, 45.1959797], [7.2689645, 45.1964953], [7.268569, 45.1969094], [7.2677401, 45.1970318], [7.2631735, 45.1962333], [7.261303, 45.1958222], [7.2590012, 45.1956836], [7.2563792, 45.1963277], [7.2542184, 45.1970463], [7.2516036, 45.1975644], [7.2483291, 45.1963754], [7.2445673, 45.1943732], [7.242894, 45.194253], [7.2418638, 45.1940661], [7.2399683, 45.1938928], [7.2375242, 45.193486], [7.2367841, 45.193245], [7.2358503, 45.1923574], [7.2357115, 45.1923553], [7.2335368, 45.1936089], [7.2322795, 45.1945526], [7.2311561, 45.1956514], [7.2309291, 45.1957379], [7.2295025, 45.1959273], [7.2279005, 45.195934], [7.2250172, 45.1969469], [7.2234423, 45.1971069], [7.2213648, 45.1976236], [7.2193623, 45.1974484], [7.2174559, 45.196919], [7.2162936, 45.1968603], [7.2159503, 45.1962338], [7.2134136, 45.1950374], [7.2115938, 45.1939707], [7.2110667, 45.1935919], [7.2103946, 45.1928837], [7.2069836, 45.1933523], [7.2046538, 45.1940763], [7.203394, 45.1947406], [7.2013802, 45.1945873], [7.2000343, 45.1945976], [7.1972455, 45.1949721], [7.1952572, 45.1953728], [7.1934229, 45.1946101], [7.1917271, 45.1941917], [7.1905469, 45.1940334], [7.188654, 45.1941069], [7.1876419, 45.1943699], [7.1855472, 45.1933959], [7.1850194, 45.193203], [7.1839783, 45.1930289], [7.1834428, 45.1930789], [7.1826371, 45.1938942], [7.1818054, 45.1945246], [7.1816655, 45.1945583], [7.1781447, 45.1934444], [7.1765944, 45.1931541], [7.1751084, 45.1932069], [7.1741102, 45.1933574], [7.1722516, 45.1940388], [7.1718788, 45.1940013], [7.1707396, 45.19356], [7.1691013, 45.1933627], [7.1675328, 45.193306], [7.1666023, 45.193354], [7.1635411, 45.1938944], [7.1630933, 45.1938647], [7.1627652, 45.1924506], [7.1625794, 45.1922541], [7.1608798, 45.191304], [7.1602471, 45.1910508], [7.1573286, 45.1908056], [7.156014, 45.1905188], [7.1544086, 45.1906234], [7.1536446, 45.190467], [7.1524208, 45.1906677], [7.1516964, 45.1906065], [7.1507062, 45.1901899], [7.1489219, 45.1898864], [7.1480508, 45.1894042], [7.1464771, 45.1888655], [7.1461228, 45.1882701], [7.1455406, 45.1877881], [7.1434019, 45.1872177], [7.1428843, 45.1867186], [7.1423266, 45.186462], [7.1416504, 45.1868876], [7.1396061, 45.1863772], [7.1389016, 45.1863657], [7.1380189, 45.1865853], [7.136552, 45.1863723], [7.134698, 45.1865761], [7.1318114, 45.1876676], [7.1138242, 45.1809901], [7.1109768, 45.1797674], [7.1052931, 45.1773263], [7.1011094, 45.1756577], [7.0950186, 45.1746901], [7.0882066, 45.1755756], [7.0827081, 45.1766161], [7.0736604, 45.1760545], [7.0725793, 45.1758276], [7.0569335, 45.1737559], [7.0526155, 45.1729576], [7.0512782, 45.1725792], [7.0480021, 45.1719432], [7.0466545, 45.1716815], [7.0443894, 45.1712417], [7.0416612, 45.1704792], [7.0375299, 45.1695486], [7.0328947, 45.1699144], [7.0315855, 45.1701034], [7.0309709, 45.1696112], [7.0302074, 45.1694045], [7.0298749, 45.1690927], [7.0293518, 45.1688901], [7.0291535, 45.1683106], [7.0287277, 45.1679971], [7.0277487, 45.1674536], [7.0256227, 45.1667102], [7.0256472, 45.1650903], [7.0255132, 45.1635622], [7.0252061, 45.1625172], [7.0249104, 45.1602481], [7.0239008, 45.1596861], [7.0224081, 45.158679]]], [[[7.1778149, 44.9686568], [7.1778785, 44.9684762], [7.1847424, 44.9660308], [7.1949262, 44.956224], [7.2014888, 44.9598257], [7.2084177, 44.9588544], [7.2179372, 44.9528117], [7.2210136, 44.9536314], [7.2227738, 44.9500462], [7.2277673, 44.9491542], [7.2298517, 44.945408], [7.2369563, 44.9424667], [7.2387869, 44.9399018], [7.246311, 44.9342342], [7.2488355, 44.9344788], [7.2477361, 44.9332078], [7.2531241, 44.9319111], [7.2566113, 44.9247304], [7.2583297, 44.9223461], [7.26025, 44.9184778], [7.2612917, 44.9165521], [7.255522, 44.9019978], [7.2485162, 44.8972148], [7.2476762, 44.8939998], [7.2555637, 44.8939615], [7.2610069, 44.8934606], [7.2692163, 44.8919187], [7.2757128, 44.8920944], [7.2861638, 44.8911849], [7.2918046, 44.894894], [7.2984143, 44.8983352], [7.297066, 44.9062679], [7.3000644, 44.9118481], [7.2958437, 44.9134865], [7.2962654, 44.9162799], [7.2961508, 44.9212687], [7.2946458, 44.9241724], [7.2941221, 44.9287677], [7.2935374, 44.9319051], [7.2947433, 44.9378124], [7.2979368, 44.9289727], [7.302079, 44.9264681], [7.3106383, 44.9235062], [7.3150621, 44.9319479], [7.3212521, 44.9327191], [7.3177404, 44.9344292], [7.3188572, 44.9381815], [7.3153767, 44.9379809], [7.3172298, 44.9399071], [7.3148308, 44.9438336], [7.3114813, 44.9461168], [7.3124051, 44.9491969], [7.3107879, 44.9524638], [7.316555, 44.9505998], [7.3182232, 44.9555261], [7.3239905, 44.9564668], [7.3283519, 44.9559892], [7.345356, 44.9585583], [7.3552208, 44.9513433], [7.3582956, 44.9519568], [7.3591096, 44.9568716], [7.3637452, 44.9581336], [7.3582528, 44.9591974], [7.3601922, 44.9626764], [7.3560333, 44.9616174], [7.351879, 44.963564], [7.3544509, 44.9657568], [7.3515258, 44.9687459], [7.3581185, 44.9704985], [7.3601144, 44.9742068], [7.355802, 44.9756856], [7.3508864, 44.9740315], [7.350074, 44.9774067], [7.3408844, 44.9785018], [7.3467258, 44.9870383], [7.340553, 44.9904458], [7.336033, 44.9911855], [7.3315471, 44.992317], [7.3280165, 44.9921754], [7.3294996, 44.9948076], [7.3361823, 44.9947197], [7.3439986, 44.9971811], [7.3477257, 44.9979102], [7.3509747, 45.0013303], [7.3557041, 45.0066709], [7.3532233, 45.0086086], [7.3578937, 45.0155244], [7.3510128, 45.0184353], [7.3421701, 45.0204695], [7.3413987, 45.0162328], [7.337275, 45.0139315], [7.3342452, 45.0155814], [7.3320456, 45.0114101], [7.3315402, 45.014153], [7.3280875, 45.0143204], [7.3289173, 45.0119945], [7.3260203, 45.0122132], [7.3240475, 45.0126629], [7.3222294, 45.0148653], [7.3309641, 45.0208957], [7.3299654, 45.0253381], [7.3244178, 45.0284865], [7.3252086, 45.0319281], [7.3228054, 45.0317179], [7.3246592, 45.0377127], [7.3188908, 45.0393876], [7.3172593, 45.0336079], [7.3127744, 45.0360221], [7.3106342, 45.0390537], [7.3097845, 45.042704], [7.3198134, 45.04769], [7.3162098, 45.053161], [7.3229085, 45.0524794], [7.3254241, 45.0554365], [7.3237137, 45.0595364], [7.3344563, 45.0548345], [7.3452794, 45.059987], [7.3416, 45.06665], [7.3436605, 45.0683792], [7.3458982, 45.0661071], [7.3541761, 45.0652024], [7.3542315, 45.0674562], [7.3580547, 45.0686136], [7.3594062, 45.0750984], [7.3534609, 45.0944028], [7.3418375, 45.1018395], [7.33789, 45.0977209], [7.3277949, 45.0966079], [7.321866, 45.0964097], [7.3131572, 45.0982786], [7.302249, 45.097981], [7.2921849, 45.0954295], [7.2734911, 45.0949744], [7.2677136, 45.0955347], [7.2609267, 45.0933765], [7.2552791, 45.0939771], [7.2447057, 45.0978775], [7.2309512, 45.1016155], [7.2229288, 45.1056902], [7.2118695, 45.1088026], [7.2105601, 45.1102366], [7.2099132, 45.1139605], [7.1826071, 45.1161609], [7.1668658, 45.1195224], [7.16332, 45.1169325], [7.1464751, 45.120721], [7.1388682, 45.1246363], [7.1338048, 45.1241707], [7.1327754, 45.1250815], [7.1299775, 45.1268078], [7.1032819, 45.1267448], [7.0891075, 45.1233754], [7.0839646, 45.1238181], [7.0705283, 45.1227896], [7.0676815, 45.1225082], [7.0497281, 45.1250441], [7.0401054, 45.129087], [7.0380157, 45.1334725], [7.0338779, 45.135033], [7.031964, 45.1358087], [7.0310307, 45.135375], [7.0286154, 45.1345523], [7.0258872, 45.1339705], [7.0228221, 45.1338991], [7.0190197, 45.1346627], [7.0160944, 45.1351648], [7.0154044, 45.1351223], [7.0153856, 45.1351208], [7.0134572, 45.1349704], [7.0086631, 45.1343152], [7.0065874, 45.1342565], [7.0045144, 45.1332076], [6.9762655, 45.1150005], [6.9466148, 45.1021366], [6.9243897, 45.0948958], [6.9103716, 45.0841102], [6.9078805, 45.0825837], [6.906426, 45.082107], [6.8898952, 45.071701], [6.8852832, 45.0687967], [6.8814715, 45.0605946], [6.8843748, 45.0469705], [6.886162, 45.0430491], [6.8884988, 45.039065], [6.8898028, 45.0380338], [6.8952105, 45.0354196], [6.8962835, 45.034602], [6.8972394, 45.0341607], [6.898681, 45.0338846], [6.8990901, 45.0338315], [6.8993822, 45.0338224], [6.9010997, 45.0338659], [6.901591, 45.0319433], [6.9017952, 45.0301032], [6.9012418, 45.0283948], [6.899856, 45.0261113], [6.8993535, 45.0246887], [6.8992497, 45.0240567], [6.898994, 45.0233813], [6.8989487, 45.0227008], [6.8990137, 45.022387], [6.9000509, 45.0208712], [6.9002697, 45.0208302], [6.9008713, 45.0199006], [6.9013451, 45.0194592], [6.9022853, 45.0188374], [6.9032975, 45.0185004], [6.9035823, 45.018195], [6.9036515, 45.0174941], [6.9037527, 45.0172755], [6.902992, 45.0166133], [6.9025307, 45.0163886], [6.903061, 45.0160551], [6.9044019, 45.0072451], [6.9075767, 44.9988339], [6.9093649, 44.9945561], [6.9118403, 44.9924225], [6.9157867, 44.9904597], [6.9200448, 44.9863027], [6.9231692, 44.9813989], [6.9389417, 44.9626167], [6.9449348, 44.9566018], [6.9448816, 44.9564222], [6.9505061, 44.951009], [6.9573101, 44.9474094], [6.9609545, 44.945481], [6.9663406, 44.9448988], [6.9896293, 44.9438917], [6.9904092, 44.9433474], [6.9910249, 44.9430836], [6.9916153, 44.942986], [6.9921238, 44.9435576], [6.9933759, 44.9438542], [6.9936885, 44.9441477], [6.9936476, 44.9444801], [6.9944345, 44.9446424], [6.9956786, 44.9443177], [6.9965731, 44.9430731], [7.0035317, 44.9430555], [7.0041937, 44.9429726], [7.0052548, 44.9424375], [7.0065065, 44.9419913], [7.0079499, 44.9416249], [7.0090813, 44.9416262], [7.016952, 44.9380655], [7.0172949, 44.9375516], [7.0167609, 44.9364088], [7.0167094, 44.9356782], [7.0168732, 44.9353679], [7.0171879, 44.93517], [7.0186638, 44.9350166], [7.0193897, 44.9346929], [7.01977, 44.934025], [7.0197894, 44.9335794], [7.019676, 44.9332333], [7.0192482, 44.9327612], [7.0185144, 44.9323701], [7.017642, 44.9320991], [7.0159141, 44.9317381], [7.0149429, 44.9313241], [7.014378, 44.9308824], [7.0140402, 44.9304519], [7.0137641, 44.9297771], [7.0136588, 44.9293095], [7.0137029, 44.9282664], [7.0137442, 44.9281137], [7.0140575, 44.9274727], [7.0143726, 44.9271611], [7.0148504, 44.9268694], [7.0154469, 44.9266551], [7.0161619, 44.9265183], [7.0176636, 44.926464], [7.0202968, 44.9266729], [7.020773, 44.9269045], [7.0253624, 44.9282623], [7.0279066, 44.9292245], [7.031313, 44.9302825], [7.0324008, 44.9308504], [7.0334174, 44.930967], [7.0368709, 44.9306483], [7.039451, 44.9305667], [7.0427261, 44.9308209], [7.0465369, 44.9300535], [7.0481568, 44.9298382], [7.0496128, 44.929458], [7.0526227, 44.9283166], [7.054828, 44.9273549], [7.0558574, 44.9274015], [7.0568839, 44.9277848], [7.0645369, 44.9329208], [7.0684105, 44.9363734], [7.0698341, 44.9402293], [7.0712418, 44.9412087], [7.0732024, 44.9421105], [7.0742347, 44.9424025], [7.0764307, 44.9425701], [7.077096, 44.9425138], [7.078433, 44.9430179], [7.0775091, 44.9440106], [7.0770936, 44.9446742], [7.0766266, 44.9450985], [7.0761874, 44.9457482], [7.0759099, 44.9460136], [7.075436, 44.9469058], [7.07548, 44.9474872], [7.0753599, 44.9476427], [7.0759146, 44.9479581], [7.0779767, 44.948641], [7.0782997, 44.948849], [7.0784621, 44.9492524], [7.078401, 44.9496114], [7.0782334, 44.9498966], [7.0782427, 44.9501174], [7.0783825, 44.9503312], [7.0786536, 44.9503628], [7.0785784, 44.9505633], [7.078558, 44.9506178], [7.0783952, 44.9507477], [7.0774605, 44.9516885], [7.0773215, 44.9520913], [7.0770538, 44.9524424], [7.0771009, 44.9526682], [7.0770269, 44.9527615], [7.0763872, 44.9531603], [7.0761191, 44.9535249], [7.0757856, 44.954541], [7.0758631, 44.9551499], [7.0757071, 44.9555839], [7.0756891, 44.9561237], [7.0755712, 44.9564892], [7.0757599, 44.9577498], [7.0754211, 44.9592564], [7.075552, 44.9599023], [7.0751007, 44.961335], [7.0747525, 44.9627875], [7.0747798, 44.963274], [7.0749912, 44.9633046], [7.0750189, 44.9633771], [7.0759446, 44.9655757], [7.0779195, 44.9692413], [7.0777556, 44.9723533], [7.0772134, 44.9744776], [7.0764169, 44.9748423], [7.0755394, 44.9765694], [7.075156, 44.976941], [7.0760573, 44.9766096], [7.0764942, 44.9765225], [7.0768268, 44.9765551], [7.0771172, 44.9763574], [7.0773751, 44.9761367], [7.0778021, 44.9748386], [7.0783297, 44.9745279], [7.0804535, 44.9744332], [7.0813647, 44.9746105], [7.082115, 44.9745961], [7.0823519, 44.9744696], [7.0845024, 44.9745147], [7.0867718, 44.9738686], [7.0876853, 44.9733078], [7.0884741, 44.9726459], [7.0900668, 44.9719569], [7.0906092, 44.9718174], [7.0922756, 44.9717463], [7.0938103, 44.9714748], [7.0951495, 44.9714117], [7.096036, 44.9711969], [7.0971162, 44.9712735], [7.0986325, 44.9708981], [7.1023425, 44.9705503], [7.1034133, 44.9706942], [7.1040688, 44.9706465], [7.1044723, 44.9705227], [7.1048889, 44.9702325], [7.1059579, 44.9702008], [7.1065577, 44.9700847], [7.1074184, 44.9695454], [7.1081033, 44.9692641], [7.1090675, 44.9691046], [7.1095624, 44.9688652], [7.1100369, 44.9688011], [7.1105489, 44.9678103], [7.1106899, 44.9672815], [7.1108736, 44.9674331], [7.1110126, 44.9674129], [7.1114175, 44.9665824], [7.1118406, 44.9660898], [7.1125419, 44.9657548], [7.1132267, 44.965028], [7.1150926, 44.9639651], [7.1165873, 44.9635757], [7.1171981, 44.9633382], [7.11754, 44.9631098], [7.1176227, 44.96258], [7.1195012, 44.9620123], [7.1198584, 44.9617527], [7.1203877, 44.9615588], [7.1216709, 44.9614179], [7.1240895, 44.9603235], [7.1271457, 44.9599551], [7.1278087, 44.9603395], [7.1284111, 44.960579], [7.1290817, 44.9607295], [7.1298477, 44.9610796], [7.1302457, 44.9613562], [7.1312112, 44.9616016], [7.1319208, 44.9618968], [7.1336565, 44.9621457], [7.1337771, 44.9622377], [7.1339511, 44.9622496], [7.1346238, 44.961887], [7.1350192, 44.9617899], [7.1374627, 44.9617173], [7.1387563, 44.9618419], [7.1401883, 44.9622344], [7.1419619, 44.9624523], [7.1428176, 44.9627138], [7.1431997, 44.9628955], [7.1438778, 44.9634782], [7.1440683, 44.9634813], [7.1456553, 44.962877], [7.1475152, 44.9626686], [7.1485699, 44.9628433], [7.1491591, 44.9631499], [7.15028, 44.9630916], [7.150772, 44.9632076], [7.151574, 44.9635761], [7.1528689, 44.9638221], [7.153625, 44.9636859], [7.1541344, 44.9634691], [7.1558619, 44.9636185], [7.1575364, 44.96347], [7.1595221, 44.9636776], [7.1605939, 44.9635283], [7.1614412, 44.9635735], [7.1616913, 44.9636586], [7.1628176, 44.9635417], [7.163574, 44.9636169], [7.1649483, 44.963972], [7.165329, 44.9639872], [7.1676732, 44.9639123], [7.1696079, 44.9639794], [7.1702077, 44.9636829], [7.170507, 44.9637552], [7.1707962, 44.9640795], [7.1711407, 44.9647736], [7.1713303, 44.9654518], [7.1713608, 44.966312], [7.171539, 44.9673366], [7.1719492, 44.9678968], [7.1725198, 44.968311], [7.1739626, 44.9699455], [7.1761776, 44.9715158], [7.1767654, 44.9710976], [7.1769378, 44.9708753], [7.1769734, 44.9707138], [7.1767716, 44.9701525], [7.1768044, 44.9697074], [7.1770404, 44.9693376], [7.1776044, 44.9689325], [7.1778149, 44.9686568]]]]}}, {"type": "Feature", "properties": {"id": "IT-21-CN-02", "start_date": "2022-03-04", "end_date": null}, "geometry": {"type": "MultiPolygon", "coordinates": [[[[7.1883304, 44.1987111], [7.1936892, 44.187083], [7.2011144, 44.186931], [7.204933, 44.1791728], [7.2141865, 44.1750006], [7.2188852, 44.1686723], [7.2289845, 44.1685251], [7.235183, 44.1754274], [7.2418157, 44.1731624], [7.2484782, 44.1584134], [7.2566324, 44.1555811], [7.2627703, 44.1480124], [7.2725455, 44.1474443], [7.2806076, 44.1409072], [7.2881556, 44.1452986], [7.2954524, 44.144196], [7.3035056, 44.146134], [7.3081573, 44.1437547], [7.310472, 44.1476074], [7.3207247, 44.1430188], [7.3275482, 44.1449204], [7.3445069, 44.1450933], [7.3459814, 44.1365029], [7.3575766, 44.1161772], [7.3687936, 44.116547], [7.3927839, 44.1253104], [7.4051814, 44.1181983], [7.4145977, 44.1189886], [7.4248048, 44.1121843], [7.4272074, 44.1133024], [7.4262784, 44.1209708], [7.429653, 44.1239416], [7.4299107, 44.1301691], [7.4431608, 44.1277749], [7.448477, 44.1291117], [7.4595673, 44.1259394], [7.4715257, 44.1328637], [7.4832383, 44.1335221], [7.4909194, 44.1367158], [7.4935538, 44.1406245], [7.5081767, 44.1446499], [7.5137458, 44.1394198], [7.5217309, 44.1379199], [7.5265805, 44.1400559], [7.5339751, 44.1484052], [7.5429276, 44.1453704], [7.5614074, 44.1493297], [7.5651462, 44.1518751], [7.5639089, 44.1567983], [7.5722491, 44.1519884], [7.576497, 44.1538943], [7.5891241, 44.1503619], [7.5976482, 44.152896], [7.6034082, 44.1499421], [7.6181341, 44.1491403], [7.6272395, 44.1580857], [7.6268435, 44.1643107], [7.6315368, 44.1681241], [7.6299014, 44.1706096], [7.6325078, 44.1736674], [7.6325371, 44.1736951], [7.6325109, 44.1736767], [7.632099, 44.1741539], [7.6317616, 44.1750816], [7.6314156, 44.1754916], [7.630468, 44.1760295], [7.630281, 44.1762883], [7.6301847, 44.1766338], [7.6300828, 44.1781271], [7.6299829, 44.178459], [7.6295261, 44.1789036], [7.6295716, 44.1795389], [7.6300165, 44.1811423], [7.6298293, 44.1820314], [7.6297828, 44.1834128], [7.629515, 44.1839677], [7.6291286, 44.1842782], [7.6291405, 44.1845394], [7.6293654, 44.1850778], [7.6295226, 44.185782], [7.6290191, 44.1861], [7.6288478, 44.1863051], [7.6288256, 44.1866514], [7.629225, 44.1877591], [7.6299005, 44.1881183], [7.630704, 44.1889292], [7.6308259, 44.1891693], [7.6307309, 44.1894562], [7.630503, 44.1896561], [7.6293331, 44.191204], [7.6267512, 44.1934238], [7.6252283, 44.1955167], [7.6251938, 44.1959214], [7.6243162, 44.1966311], [7.6237429, 44.1975875], [7.6234958, 44.1983903], [7.6235007, 44.1986334], [7.623645, 44.1993059], [7.6240887, 44.2001711], [7.6244326, 44.2018093], [7.6245108, 44.2031381], [7.6246513, 44.203554], [7.6246298, 44.2041749], [7.6240969, 44.2048032], [7.6233779, 44.2052132], [7.6229189, 44.2055903], [7.6225944, 44.2060545], [7.6224705, 44.2064042], [7.6224254, 44.2065747], [7.6225045, 44.2069898], [7.622422, 44.2073084], [7.6220027, 44.2077265], [7.6210783, 44.2090568], [7.6202048, 44.2096629], [7.6206233, 44.2104332], [7.6208113, 44.211732], [7.6212807, 44.2126514], [7.6213985, 44.2143409], [7.6221882, 44.2155704], [7.6248098, 44.2204636], [7.6222548, 44.2203248], [7.620239, 44.2204535], [7.6192766, 44.2210541], [7.6180812, 44.2225836], [7.617506, 44.2229548], [7.6165204, 44.2242618], [7.6157619, 44.2263413], [7.6155085, 44.2290031], [7.6144987, 44.230751], [7.6134935, 44.2319992], [7.6114996, 44.2348694], [7.6094056, 44.2370272], [7.6090966, 44.2371044], [7.60867, 44.2370407], [7.6076363, 44.2371316], [7.6063198, 44.2376648], [7.6052101, 44.2385065], [7.6033973, 44.2401769], [7.602033, 44.241155], [7.6003121, 44.2430277], [7.6001152, 44.2433868], [7.599692, 44.2436067], [7.5986928, 44.2460973], [7.5988919, 44.2473871], [7.5995047, 44.2479844], [7.5996834, 44.2494765], [7.6000683, 44.2504086], [7.6001136, 44.2509898], [7.5999871, 44.2520461], [7.6008853, 44.2534886], [7.601044, 44.2544854], [7.6017625, 44.2553855], [7.6019364, 44.2557432], [7.6024324, 44.256186], [7.6025383, 44.2564258], [7.6024687, 44.2567851], [7.6019531, 44.2575981], [7.6012575, 44.2600023], [7.6012436, 44.2605874], [7.6010031, 44.2617458], [7.6059244, 44.2697765], [7.6055437, 44.2725043], [7.6064938, 44.275588], [7.6076368, 44.2771113], [7.6159635, 44.2871491], [7.6166701, 44.2882051], [7.6192091, 44.2919997], [7.6183221, 44.301567], [7.62078, 44.3055899], [7.6208109, 44.3113018], [7.6220628, 44.3156502], [7.6224497, 44.3170754], [7.6181453, 44.3177279], [7.6086187, 44.320217], [7.597985, 44.315068], [7.5907278, 44.3163027], [7.5909811, 44.3214203], [7.5957179, 44.3204352], [7.5998086, 44.3244413], [7.597239, 44.3280447], [7.5907854, 44.3289033], [7.587148, 44.3241811], [7.580975, 44.3214861], [7.5804702, 44.3146884], [7.5766556, 44.3121706], [7.5689413, 44.3129209], [7.5659069, 44.3126572], [7.5558084, 44.3181209], [7.5480916, 44.3184732], [7.5436905, 44.3181471], [7.5359152, 44.3167978], [7.5490934, 44.3220665], [7.5421854, 44.3261234], [7.5361953, 44.3308542], [7.5316743, 44.3307549], [7.5274346, 44.330088], [7.5220978, 44.3299308], [7.521368, 44.3217241], [7.5173911, 44.3212632], [7.5158935, 44.3276826], [7.5085398, 44.3266153], [7.5020219, 44.3238219], [7.5007819, 44.3218232], [7.498437, 44.3206221], [7.4904255, 44.3151826], [7.5053631, 44.3089771], [7.5073411, 44.3060856], [7.5052033, 44.3058598], [7.4915253, 44.30893], [7.4818918, 44.316262], [7.467891, 44.316165], [7.4600542, 44.3122052], [7.4690468, 44.3205193], [7.4820704, 44.3272579], [7.4773462, 44.330198], [7.4772732, 44.3305291], [7.4629632, 44.3268914], [7.4336883, 44.3109059], [7.4233072, 44.3085529], [7.4218596, 44.3082247], [7.4202978, 44.3080816], [7.4167566, 44.3080415], [7.4151769, 44.307808], [7.4115387, 44.3081086], [7.411136, 44.308049], [7.4104916, 44.3077114], [7.4084466, 44.3073138], [7.4058294, 44.3059088], [7.4053621, 44.3055872], [7.4043947, 44.3051415], [7.4014066, 44.3049962], [7.4014606, 44.3044928], [7.4020485, 44.3035332], [7.4024216, 44.302359], [7.4023664, 44.3015795], [7.4022711, 44.3012946], [7.4020539, 44.3010124], [7.4017945, 44.300149], [7.4017734, 44.2999281], [7.4018998, 44.2994167], [7.401758, 44.2990096], [7.4017933, 44.298722], [7.4016384, 44.2983822], [7.4005376, 44.2976196], [7.3978284, 44.2961636], [7.3972525, 44.2956739], [7.3959336, 44.2942959], [7.3953253, 44.2938777], [7.394247, 44.2935178], [7.3938309, 44.2935049], [7.3907144, 44.2934077], [7.390463, 44.2933321], [7.3898822, 44.2929008], [7.3886867, 44.2925283], [7.3866548, 44.2923195], [7.3854899, 44.2924471], [7.3846961, 44.29267], [7.3842277, 44.2930235], [7.3831841, 44.2932293], [7.3826037, 44.2936667], [7.3823705, 44.2937984], [7.3822132, 44.2937917], [7.3797359, 44.2925007], [7.3795529, 44.2909811], [7.3792723, 44.2901218], [7.3788845, 44.2895086], [7.3779954, 44.2886407], [7.3777341, 44.2881463], [7.376464, 44.2871784], [7.375554, 44.2862022], [7.3736957, 44.2849783], [7.3736076, 44.2847655], [7.3732575, 44.2845534], [7.3729763, 44.2842253], [7.3720102, 44.2824109], [7.3718285, 44.2821968], [7.3709002, 44.2813958], [7.3697769, 44.2808621], [7.3684014, 44.279663], [7.3672642, 44.2784314], [7.3656024, 44.2764224], [7.3651499, 44.2762044], [7.364656, 44.2761388], [7.3635639, 44.2762897], [7.3609775, 44.2762166], [7.3594651, 44.275715], [7.3586984, 44.2757427], [7.3568606, 44.2763195], [7.3559538, 44.2768466], [7.351837, 44.2774039], [7.3512148, 44.277584], [7.3500516, 44.2781929], [7.3468474, 44.2790468], [7.3442656, 44.2790995], [7.3436958, 44.2792082], [7.3429859, 44.2794005], [7.3421757, 44.2797489], [7.3409375, 44.2800505], [7.3397733, 44.2806863], [7.3393199, 44.2807922], [7.3363786, 44.2807449], [7.3354288, 44.280569], [7.3352773, 44.2806253], [7.3348249, 44.2802676], [7.3338746, 44.2799701], [7.3330328, 44.2799489], [7.3326375, 44.2800781], [7.3314087, 44.2801862], [7.3305363, 44.2799484], [7.3293674, 44.2799853], [7.3292088, 44.2795733], [7.3288182, 44.2791355], [7.3288278, 44.2790456], [7.3291551, 44.2787713], [7.3291927, 44.2786773], [7.3291235, 44.2786583], [7.3268322, 44.2791964], [7.3260793, 44.2792709], [7.3253046, 44.2789039], [7.3248178, 44.2787933], [7.3234131, 44.2788222], [7.3224134, 44.2785975], [7.322233, 44.278576], [7.3207995, 44.2784641], [7.3188795, 44.278904], [7.3181073, 44.2791627], [7.3174216, 44.2792022], [7.3170545, 44.2794128], [7.3161174, 44.2794935], [7.3155552, 44.2797103], [7.3142243, 44.2805504], [7.3133761, 44.2809296], [7.3127512, 44.281398], [7.3111836, 44.2814148], [7.3082475, 44.2812294], [7.3053666, 44.2808662], [7.3031955, 44.2804005], [7.3015583, 44.2798157], [7.3007836, 44.2793738], [7.300165, 44.2788316], [7.2995902, 44.2781049], [7.2990579, 44.2771928], [7.2982383, 44.2751802], [7.297024, 44.2710637], [7.296025, 44.2689526], [7.2951171, 44.2676031], [7.2945328, 44.2663213], [7.2941734, 44.2657803], [7.2941607, 44.265501], [7.29345, 44.2648421], [7.2931081, 44.2642923], [7.2926888, 44.2638989], [7.2925881, 44.2634158], [7.2926648, 44.2629308], [7.2908777, 44.2623728], [7.2888097, 44.2619322], [7.2882288, 44.2617254], [7.2877426, 44.2614706], [7.2866812, 44.2607029], [7.2859091, 44.2603717], [7.2844058, 44.2602231], [7.2835086, 44.2606102], [7.2819162, 44.26114], [7.2814646, 44.2618444], [7.2810652, 44.2620905], [7.2805677, 44.2627042], [7.2800643, 44.2630522], [7.2786992, 44.2645892], [7.2782862, 44.2646955], [7.2780164, 44.2646554], [7.2777123, 44.2644797], [7.2760735, 44.2632576], [7.2752154, 44.262907], [7.2746373, 44.2628353], [7.2740821, 44.2625703], [7.2733128, 44.2625046], [7.2710329, 44.2627762], [7.2704064, 44.2626992], [7.2697483, 44.2627523], [7.2693731, 44.2628636], [7.2684939, 44.2619275], [7.2667509, 44.2610773], [7.2657241, 44.260661], [7.2649693, 44.260465], [7.2632059, 44.2606543], [7.2617504, 44.2613568], [7.2590677, 44.2612709], [7.2566752, 44.261473], [7.2557442, 44.2602299], [7.2534632, 44.2584529], [7.2527845, 44.258303], [7.2516204, 44.2582176], [7.2494528, 44.258378], [7.2489257, 44.2583069], [7.2485708, 44.2580359], [7.2476, 44.2576924], [7.2438409, 44.2570944], [7.2433239, 44.2570909], [7.2406093, 44.2576478], [7.2397242, 44.2579223], [7.2390325, 44.2582357], [7.2388392, 44.2579582], [7.2384693, 44.2576418], [7.2370189, 44.2568182], [7.2345657, 44.2549211], [7.2333231, 44.2543482], [7.2328833, 44.2540038], [7.2323025, 44.2539858], [7.2310035, 44.2541773], [7.226745, 44.2540077], [7.2253588, 44.2540762], [7.2250495, 44.2539723], [7.223964, 44.2530911], [7.2236391, 44.2530501], [7.2225842, 44.2531687], [7.2218646, 44.2529639], [7.2200563, 44.2532193], [7.2196882, 44.2528355], [7.2193151, 44.2519429], [7.2186765, 44.2511857], [7.2179852, 44.2511478], [7.2173586, 44.2502108], [7.2174682, 44.2490466], [7.2180356, 44.2484433], [7.2180863, 44.2479444], [7.2182712, 44.2476142], [7.2195799, 44.2471259], [7.2198855, 44.2465725], [7.2201501, 44.2453657], [7.2207387, 44.2446411], [7.220283, 44.2441524], [7.2204846, 44.2431382], [7.2205621, 44.2428153], [7.2212968, 44.2422145], [7.2209208, 44.2419116], [7.2200533, 44.2414929], [7.2196454, 44.2411849], [7.2192746, 44.2403599], [7.2191895, 44.2395123], [7.2195267, 44.2388558], [7.2194314, 44.2375264], [7.2201082, 44.236119], [7.2209556, 44.2350878], [7.2212847, 44.2337515], [7.2208931, 44.232323], [7.2206744, 44.2320089], [7.2204132, 44.2318068], [7.2199138, 44.2316055], [7.2199749, 44.2315254], [7.2196175, 44.2312317], [7.2192666, 44.2305015], [7.2183757, 44.2296593], [7.2180634, 44.2289207], [7.2173657, 44.2283651], [7.2170928, 44.2278297], [7.2171569, 44.2274436], [7.2164248, 44.2266399], [7.2152559, 44.2262345], [7.2149608, 44.2259643], [7.2147724, 44.225169], [7.2145235, 44.2248726], [7.2140786, 44.2246045], [7.2137261, 44.2242794], [7.2134946, 44.2239787], [7.2132369, 44.223394], [7.2132272, 44.2231462], [7.2133293, 44.2229903], [7.2138761, 44.2225442], [7.2143467, 44.2222994], [7.2148026, 44.2218699], [7.2151916, 44.2212188], [7.2151972, 44.2209173], [7.2156764, 44.2203891], [7.2156527, 44.2202537], [7.2154657, 44.2200977], [7.2146705, 44.2196666], [7.2135822, 44.2183217], [7.212959, 44.2178437], [7.2128612, 44.2171715], [7.2128206, 44.2151632], [7.213042, 44.2141808], [7.2135118, 44.2132789], [7.2140667, 44.2126753], [7.214178, 44.2124475], [7.2140893, 44.2122796], [7.2129477, 44.21178], [7.2123414, 44.2113159], [7.2110988, 44.2109363], [7.2106423, 44.2107041], [7.210307, 44.2103972], [7.2101277, 44.2099893], [7.2101801, 44.2096435], [7.2100603, 44.2085342], [7.2097169, 44.2083668], [7.2087598, 44.2081087], [7.2085007, 44.2075869], [7.2081899, 44.207375], [7.2077852, 44.2072786], [7.2067877, 44.2077851], [7.2064801, 44.2078163], [7.2057135, 44.2074802], [7.2046711, 44.2066985], [7.2030494, 44.2058537], [7.2031658, 44.2049958], [7.2028762, 44.2039874], [7.2011808, 44.2031504], [7.2007493, 44.2027925], [7.2001795, 44.2025224], [7.1998809, 44.2024907], [7.1995098, 44.2022058], [7.1991164, 44.202078], [7.197947, 44.2012583], [7.1968018, 44.2013392], [7.1952155, 44.2011611], [7.1938028, 44.2008822], [7.1930461, 44.2009198], [7.1925605, 44.200849], [7.1914634, 44.200395], [7.1901335, 44.1994556], [7.1894132, 44.1990976], [7.1886958, 44.1989059], [7.1883304, 44.1987111]]]]}}, {"type": "Feature", "properties": {"id": "IT-21-CN-03", "start_date": "2022-03-04", "end_date": null}, "geometry": {"type": "MultiPolygon", "coordinates": [[[[7.4220098, 44.395764], [7.4215263, 44.3958654], [7.4210015, 44.3953882], [7.4199347, 44.3946127], [7.4192993, 44.3938747], [7.4188573, 44.3935309], [7.4181332, 44.3932463], [7.4175165, 44.3932288], [7.4164232, 44.3934252], [7.4155017, 44.3934304], [7.4136585, 44.3929456], [7.4119922, 44.3929135], [7.4094895, 44.3924735], [7.4059256, 44.3925048], [7.4042246, 44.3923055], [7.4028126, 44.3923578], [7.4016538, 44.3925216], [7.4010444, 44.3923825], [7.3998759, 44.3924832], [7.3978371, 44.3924141], [7.3959033, 44.3925805], [7.3944546, 44.3923395], [7.3932523, 44.3924577], [7.3915577, 44.3922403], [7.3899719, 44.3922807], [7.389378, 44.3922055], [7.3888279, 44.3920817], [7.3887063, 44.3920041], [7.3882431, 44.3911087], [7.3866885, 44.3894437], [7.3848788, 44.3883557], [7.3843761, 44.387975], [7.383442, 44.3874756], [7.3830836, 44.3873265], [7.3820202, 44.3872754], [7.3815951, 44.3871254], [7.3808235, 44.3865968], [7.3798871, 44.3857822], [7.3790497, 44.3854057], [7.3781215, 44.3851089], [7.3772268, 44.3846056], [7.3767416, 44.3842025], [7.3757996, 44.3831853], [7.3753399, 44.3824766], [7.374989, 44.3816613], [7.3745543, 44.381448], [7.3743493, 44.381202], [7.3739798, 44.3792476], [7.3736171, 44.3786483], [7.3730559, 44.3779786], [7.3727793, 44.3774975], [7.3726956, 44.3771453], [7.3701383, 44.376447], [7.3690017, 44.3759041], [7.3683737, 44.375481], [7.3678796, 44.3750688], [7.3670414, 44.3739269], [7.365659, 44.3723406], [7.3654281, 44.3719097], [7.3646831, 44.3713274], [7.3642289, 44.3706366], [7.363869, 44.3698369], [7.3636197, 44.3697681], [7.3612895, 44.369506], [7.3607801, 44.3696744], [7.3598201, 44.3697503], [7.3583223, 44.3696853], [7.3575259, 44.3695657], [7.356914, 44.3693683], [7.356563, 44.3691004], [7.356446, 44.368682], [7.3562965, 44.3685075], [7.3559048, 44.368312], [7.3549432, 44.3680867], [7.3519385, 44.3678482], [7.3485234, 44.3678096], [7.3410886, 44.3691548], [7.3401307, 44.3686373], [7.3391292, 44.3682044], [7.3391214, 44.3682013], [7.3371046, 44.3673953], [7.333393, 44.3666435], [7.3326812, 44.366255], [7.3321353, 44.3656213], [7.3319993, 44.3647055], [7.3319926, 44.3636026], [7.3312619, 44.3620164], [7.3311185, 44.361033], [7.330332, 44.359662], [7.3299935, 44.3592924], [7.326874, 44.3572976], [7.3261288, 44.357132], [7.3258768, 44.357076], [7.3240363, 44.3564818], [7.3237187, 44.3563032], [7.3233952, 44.3561212], [7.3196402, 44.3553278], [7.3189674, 44.3552728], [7.3182688, 44.3554156], [7.3170168, 44.3553881], [7.3162991, 44.3555036], [7.3158441, 44.3554924], [7.3142603, 44.3552349], [7.3133176, 44.3549644], [7.3122636, 44.3553315], [7.3112194, 44.3554826], [7.3107534, 44.3557458], [7.3103026, 44.3557301], [7.3101113, 44.3559433], [7.3097628, 44.3560912], [7.3087966, 44.3561579], [7.3082782, 44.3560494], [7.3072012, 44.3560443], [7.3066141, 44.3562786], [7.3057434, 44.3573055], [7.3030034, 44.3579085], [7.3019909, 44.3584517], [7.3018092, 44.3584715], [7.3015848, 44.3584456], [7.3011772, 44.358129], [7.3007734, 44.3579339], [7.3001629, 44.3578528], [7.2996739, 44.3575934], [7.2985421, 44.357491], [7.297903, 44.3570538], [7.2970698, 44.3567533], [7.2964771, 44.356695], [7.295826, 44.3567663], [7.294058, 44.3562222], [7.2920223, 44.3562191], [7.2912805, 44.3561506], [7.289609, 44.3558855], [7.2883775, 44.3555364], [7.2879784, 44.3554913], [7.2858324, 44.3570983], [7.2850096, 44.3583373], [7.2848924, 44.3588712], [7.2849321, 44.3592454], [7.2853495, 44.3602195], [7.2852167, 44.3602986], [7.2837958, 44.3605428], [7.2827623, 44.3611664], [7.2823404, 44.3615787], [7.2812994, 44.3629675], [7.276722, 44.3651312], [7.2739989, 44.366607], [7.2708128, 44.3669505], [7.269631, 44.3673152], [7.269097, 44.3677077], [7.2687058, 44.3678188], [7.2684343, 44.3678102], [7.2676489, 44.3673931], [7.2672604, 44.3672792], [7.2653619, 44.3671153], [7.264166, 44.366602], [7.2631116, 44.3664509], [7.2626024, 44.3662541], [7.2611105, 44.3660693], [7.2603535, 44.3656752], [7.2586586, 44.3649966], [7.2583233, 44.3648114], [7.2578314, 44.3643403], [7.2579352, 44.3641303], [7.2577964, 44.363696], [7.2571304, 44.3631142], [7.2567644, 44.362672], [7.2565091, 44.3623124], [7.2563744, 44.3617387], [7.2540728, 44.361672], [7.2531393, 44.3617297], [7.2522247, 44.3618913], [7.2519269, 44.3620308], [7.250335, 44.3632578], [7.2459429, 44.3650495], [7.2454057, 44.3654283], [7.2441775, 44.3665393], [7.2435418, 44.3667996], [7.2423294, 44.3675102], [7.2408372, 44.3680184], [7.2407282, 44.3682778], [7.2407043, 44.3693262], [7.2409163, 44.3701578], [7.2416838, 44.3712454], [7.2416911, 44.3713806], [7.2411146, 44.3719434], [7.2407835, 44.3728206], [7.2405581, 44.3731952], [7.2405216, 44.3737844], [7.2404062, 44.3739986], [7.2399983, 44.3743255], [7.2393475, 44.3750987], [7.2388331, 44.3755724], [7.2367104, 44.3765479], [7.2356077, 44.3774762], [7.2351063, 44.3782742], [7.2349853, 44.3786729], [7.2352759, 44.3796137], [7.2321222, 44.3792678], [7.2296131, 44.379454], [7.2277023, 44.3798835], [7.2255506, 44.3789363], [7.2249266, 44.3788185], [7.2235422, 44.37886], [7.2220726, 44.3787336], [7.2200062, 44.3793271], [7.2195564, 44.3795407], [7.2171823, 44.3801113], [7.21698, 44.3800811], [7.2160474, 44.3796074], [7.2141979, 44.3784981], [7.2118133, 44.3781862], [7.2100145, 44.3775143], [7.2080606, 44.377128], [7.2065601, 44.3766678], [7.204806, 44.3758975], [7.2029535, 44.3755983], [7.2022004, 44.3753163], [7.2015361, 44.3754004], [7.2000625, 44.3754087], [7.1990177, 44.3755317], [7.1972038, 44.3754851], [7.1955733, 44.3752162], [7.1948972, 44.3748409], [7.1942757, 44.3746421], [7.1937378, 44.3746606], [7.1924457, 44.3748787], [7.1917805, 44.3748771], [7.1910411, 44.3748384], [7.1904241, 44.3746216], [7.1899016, 44.3746223], [7.1890885, 44.374902], [7.1881435, 44.3749545], [7.1873829, 44.3753746], [7.1869572, 44.3758855], [7.1867721, 44.3760356], [7.1865182, 44.3761036], [7.1851683, 44.3761226], [7.1844347, 44.3762775], [7.1835817, 44.3766285], [7.1812789, 44.376952], [7.1802851, 44.3768821], [7.1795728, 44.3769428], [7.178844, 44.3771832], [7.1778732, 44.3773343], [7.1767084, 44.3778064], [7.1755175, 44.378512], [7.1751238, 44.3786093], [7.1736125, 44.3786166], [7.1729593, 44.3789573], [7.1724482, 44.3790706], [7.1720003, 44.3793336], [7.1706485, 44.3797755], [7.1703183, 44.3799998], [7.1695739, 44.3808476], [7.1691624, 44.3810256], [7.1668874, 44.3816553], [7.1664323, 44.3816705], [7.165598, 44.3820172], [7.1653101, 44.3820171], [7.1630539, 44.3814811], [7.1618454, 44.3813266], [7.1601791, 44.3812593], [7.1598772, 44.3813174], [7.158862, 44.3818277], [7.1560516, 44.3825521], [7.1536422, 44.3834854], [7.1532717, 44.3835379], [7.1516598, 44.3832373], [7.1494259, 44.383093], [7.1472816, 44.3833643], [7.1445712, 44.3835004], [7.1434458, 44.3839547], [7.1424463, 44.3841005], [7.1415006, 44.3840356], [7.1402748, 44.3837455], [7.1395734, 44.3836801], [7.1374923, 44.3842583], [7.1340716, 44.3850172], [7.1295962, 44.3853581], [7.1290987, 44.385494], [7.1279805, 44.3859888], [7.1258942, 44.3863192], [7.1244852, 44.3863861], [7.121983, 44.3856472], [7.1199732, 44.3862578], [7.1179855, 44.3860585], [7.1165406, 44.3863137], [7.1153084, 44.3863474], [7.1123968, 44.3871321], [7.1082334, 44.386829], [7.1068158, 44.3869046], [7.1033487, 44.3866894], [7.102906, 44.3867541], [7.1007828, 44.3876506], [7.099404, 44.3880418], [7.0979464, 44.3882381], [7.0963302, 44.3880626], [7.0950939, 44.3882805], [7.0941038, 44.3891462], [7.0908655, 44.3905416], [7.0888934, 44.3915036], [7.0872136, 44.3910566], [7.0857389, 44.3911939], [7.0853856, 44.391152], [7.0850621, 44.3909665], [7.084735, 44.3909025], [7.0841243, 44.3909688], [7.0831009, 44.3912262], [7.0822778, 44.3906812], [7.0791189, 44.3874141], [7.0775805, 44.3880724], [7.0761103, 44.3885202], [7.0751343, 44.3889089], [7.074456, 44.388992], [7.0724644, 44.3887918], [7.0712653, 44.3885555], [7.0706681, 44.3885454], [7.0692494, 44.3882468], [7.0681409, 44.3881335], [7.0678254, 44.3879572], [7.0672098, 44.3878252], [7.0652127, 44.3866165], [7.0637741, 44.3855928], [7.0632972, 44.385112], [7.0625588, 44.3848519], [7.0620482, 44.3845507], [7.0612371, 44.3838077], [7.061012, 44.3834122], [7.0606439, 44.3831674], [7.0604108, 44.3828483], [7.0601974, 44.3827772], [7.0601178, 44.3826678], [7.0601106, 44.3823886], [7.0599872, 44.382265], [7.0588558, 44.3820026], [7.0580106, 44.3816192], [7.0578886, 44.381464], [7.0578783, 44.3809327], [7.0580159, 44.3794541], [7.0559315, 44.3793916], [7.0547285, 44.3794476], [7.0545009, 44.3796373], [7.0539554, 44.3798936], [7.0536864, 44.3801636], [7.0533139, 44.3803823], [7.0527558, 44.3805213], [7.0519132, 44.3805654], [7.0512639, 44.3804508], [7.0509966, 44.3804913], [7.0509042, 44.3806157], [7.0510185, 44.3810003], [7.0509159, 44.3812551], [7.0506543, 44.3813002], [7.049387, 44.3806348], [7.0476144, 44.3793441], [7.0472281, 44.3789774], [7.0464742, 44.3780192], [7.0464106, 44.3774329], [7.046559, 44.3771339], [7.0461826, 44.3749713], [7.0460733, 44.3748254], [7.0452781, 44.3757255], [7.043733, 44.37709], [7.0429544, 44.3779499], [7.0424805, 44.3781624], [7.0405264, 44.3784619], [7.0394398, 44.3789204], [7.0387846, 44.3792873], [7.0384337, 44.3792587], [7.0370876, 44.3796857], [7.0368127, 44.379672], [7.035177, 44.3791532], [7.0322188, 44.3781254], [7.0308273, 44.3780924], [7.0305109, 44.3779756], [7.0300167, 44.3783665], [7.0289472, 44.3787217], [7.0278086, 44.3792422], [7.0268442, 44.3800763], [7.026372, 44.3805993], [7.0258972, 44.3809062], [7.0251111, 44.3812437], [7.0229694, 44.3819358], [7.021696, 44.3830526], [7.0214183, 44.3836915], [7.0212046, 44.3846421], [7.0208753, 44.3853206], [7.0203025, 44.3861682], [7.0201585, 44.3864811], [7.0200278, 44.3869759], [7.020245, 44.3877224], [7.0201769, 44.3884505], [7.0197359, 44.389136], [7.0195867, 44.3897681], [7.0194341, 44.389896], [7.0183658, 44.3902196], [7.0180111, 44.390452], [7.0178037, 44.3906104], [7.0171999, 44.3914327], [7.0157908, 44.3921554], [7.0138454, 44.3936071], [7.0133684, 44.3938688], [7.0131633, 44.3940633], [7.012895, 44.3947204], [7.0123338, 44.3956739], [7.0119287, 44.3963015], [7.0116429, 44.3965846], [7.0107946, 44.396966], [7.0094632, 44.3971858], [7.0075635, 44.39817], [7.0071173, 44.3982162], [7.0063698, 44.3985048], [7.0060847, 44.3987654], [7.0054732, 44.3990113], [7.0038079, 44.3999409], [7.0030648, 44.4004906], [7.0017557, 44.4012509], [7.0013293, 44.4016036], [7.0002184, 44.4020003], [6.9985655, 44.4025905], [6.9964719, 44.4026348], [6.9958189, 44.4029204], [6.9949617, 44.403432], [6.9937388, 44.4044413], [6.9930764, 44.4048528], [6.9928026, 44.4048568], [6.9903917, 44.4026764], [6.9892176, 44.401805], [6.9883056, 44.4013252], [6.9880562, 44.4012848], [6.9875472, 44.4014919], [6.987309, 44.4014922], [6.9869764, 44.4013153], [6.9861639, 44.4012289], [6.9857612, 44.4012759], [6.9829265, 44.4009062], [6.9822209, 44.4009973], [6.9820412, 44.4011111], [6.9809458, 44.4012313], [6.9804766, 44.401385], [6.9800032, 44.4016512], [6.9796582, 44.4021988], [6.9794757, 44.4023936], [6.9790292, 44.4026198], [6.9787906, 44.4029847], [6.9779267, 44.403307], [6.9775642, 44.4036337], [6.9769338, 44.403717], [6.9758997, 44.4046034], [6.9754655, 44.4048343], [6.9745603, 44.4052504], [6.9738141, 44.4054262], [6.9734681, 44.4056361], [6.9728228, 44.4058002], [6.9716319, 44.4068594], [6.9701303, 44.4078365], [6.9700615, 44.4083844], [6.9691001, 44.4086059], [6.9671024, 44.4094211], [6.9666593, 44.4095348], [6.965366, 44.4095702], [6.9649232, 44.4096749], [6.9646917, 44.4098418], [6.963978, 44.409802], [6.9624643, 44.4100361], [6.9619009, 44.4103681], [6.9614981, 44.4107661], [6.9612926, 44.4112575], [6.9612519, 44.411707], [6.9616542, 44.4131276], [6.9617023, 44.4135516], [6.9616025, 44.4138919], [6.9603879, 44.4141898], [6.9600742, 44.4145443], [6.9595241, 44.414854], [6.9590556, 44.4153318], [6.9587347, 44.4155421], [6.9568635, 44.4163099], [6.9551513, 44.4168374], [6.9544209, 44.4176346], [6.9540488, 44.4182311], [6.953932, 44.4194174], [6.953584, 44.4200413], [6.9530099, 44.4203146], [6.9511252, 44.4221803], [6.9481535, 44.425341], [6.9463551, 44.4270453], [6.9344778, 44.4299761], [6.9323243, 44.4251081], [6.9249769, 44.4226064], [6.9175519, 44.4277322], [6.9138322, 44.4243771], [6.9029535, 44.4207302], [6.8993848, 44.4221849], [6.8923124, 44.4204446], [6.8939293, 44.4101501], [6.8977397, 44.4056742], [6.8942676, 44.3999388], [6.8968705, 44.3945988], [6.8941985, 44.3896733], [6.8971658, 44.375002], [6.8942997, 44.3695199], [6.8879683, 44.3673921], [6.8873929, 44.361616], [6.9002833, 44.3574663], [6.905983, 44.35828], [6.9102573, 44.3538599], [6.9218342, 44.351645], [6.9214356, 44.3432255], [6.9270863, 44.3327144], [6.9351335, 44.3300899], [6.938287, 44.3248639], [6.9430566, 44.323938], [6.945296, 44.3210854], [6.9526103, 44.3195207], [6.9545293, 44.3148666], [6.9599427, 44.3115949], [6.9569634, 44.2956267], [6.962742, 44.2935239], [6.9665208, 44.2954953], [6.9710407, 44.2937213], [6.9687843, 44.2866737], [6.9716472, 44.2839273], [6.981502, 44.2869954], [6.995571, 44.2803138], [6.9974329, 44.2732621], [6.9953391, 44.2650568], [6.9984295, 44.2590094], [6.9964897, 44.2518145], [7.0085018, 44.2354208], [7.0193184, 44.2322884], [7.0188638, 44.2269309], [7.0336338, 44.2232743], [7.0560563, 44.2294523], [7.0636669, 44.2271334], [7.0686152, 44.2325269], [7.0766934, 44.2322016], [7.0865979, 44.2289286], [7.0917473, 44.2207329], [7.1001074, 44.2213185], [7.1145965, 44.2173371], [7.1430026, 44.2002542], [7.1482612, 44.2002451], [7.1633763, 44.2081394], [7.1673707, 44.2024618], [7.1748771, 44.2003997], [7.1776117, 44.1972054], [7.1838029, 44.1998023], [7.1869619, 44.2011274], [7.1871756, 44.201217], [7.1872441, 44.2010684], [7.1883304, 44.1987111], [7.1886958, 44.1989059], [7.1894132, 44.1990976], [7.1901335, 44.1994556], [7.1914634, 44.200395], [7.1925605, 44.200849], [7.1930461, 44.2009198], [7.1938028, 44.2008822], [7.1952155, 44.2011611], [7.1968018, 44.2013392], [7.197947, 44.2012583], [7.1991164, 44.202078], [7.1995098, 44.2022058], [7.1998809, 44.2024907], [7.2001795, 44.2025224], [7.2007493, 44.2027925], [7.2011808, 44.2031504], [7.2028762, 44.2039874], [7.2031658, 44.2049958], [7.2030494, 44.2058537], [7.2046711, 44.2066985], [7.2057135, 44.2074802], [7.2064801, 44.2078163], [7.2067877, 44.2077851], [7.2077852, 44.2072786], [7.2081899, 44.207375], [7.2085007, 44.2075869], [7.2087598, 44.2081087], [7.2097169, 44.2083668], [7.2100603, 44.2085342], [7.2101801, 44.2096435], [7.2101277, 44.2099893], [7.210307, 44.2103972], [7.2106423, 44.2107041], [7.2110988, 44.2109363], [7.2123414, 44.2113159], [7.2129477, 44.21178], [7.2140893, 44.2122796], [7.214178, 44.2124475], [7.2140667, 44.2126753], [7.2135118, 44.2132789], [7.213042, 44.2141808], [7.2128206, 44.2151632], [7.2128612, 44.2171715], [7.212959, 44.2178437], [7.2135822, 44.2183217], [7.2146705, 44.2196666], [7.2154657, 44.2200977], [7.2156527, 44.2202537], [7.2156764, 44.2203891], [7.2151972, 44.2209173], [7.2151916, 44.2212188], [7.2148026, 44.2218699], [7.2143467, 44.2222994], [7.2138761, 44.2225442], [7.2133293, 44.2229903], [7.2132272, 44.2231462], [7.2132369, 44.223394], [7.2134946, 44.2239787], [7.2137261, 44.2242794], [7.2140786, 44.2246045], [7.2145235, 44.2248726], [7.2147724, 44.225169], [7.2149608, 44.2259643], [7.2152559, 44.2262345], [7.2164248, 44.2266399], [7.2171569, 44.2274436], [7.2170928, 44.2278297], [7.2173657, 44.2283651], [7.2180634, 44.2289207], [7.2183757, 44.2296593], [7.2192666, 44.2305015], [7.2196175, 44.2312317], [7.2199749, 44.2315254], [7.2199138, 44.2316055], [7.2204132, 44.2318068], [7.2206744, 44.2320089], [7.2208931, 44.232323], [7.2212847, 44.2337515], [7.2209556, 44.2350878], [7.2201082, 44.236119], [7.2194314, 44.2375264], [7.2195267, 44.2388558], [7.2191895, 44.2395123], [7.2192746, 44.2403599], [7.2196454, 44.2411849], [7.2200533, 44.2414929], [7.2209208, 44.2419116], [7.2212968, 44.2422145], [7.2205621, 44.2428153], [7.2204846, 44.2431382], [7.220283, 44.2441524], [7.2207387, 44.2446411], [7.2201501, 44.2453657], [7.2198855, 44.2465725], [7.2195799, 44.2471259], [7.2182712, 44.2476142], [7.2180863, 44.2479444], [7.2180356, 44.2484433], [7.2174682, 44.2490466], [7.2173586, 44.2502108], [7.2179852, 44.2511478], [7.2186765, 44.2511857], [7.2193151, 44.2519429], [7.2196882, 44.2528355], [7.2200563, 44.2532193], [7.2218646, 44.2529639], [7.2225842, 44.2531687], [7.2236391, 44.2530501], [7.223964, 44.2530911], [7.2250495, 44.2539723], [7.2253588, 44.2540762], [7.226745, 44.2540077], [7.2310035, 44.2541773], [7.2323025, 44.2539858], [7.2328833, 44.2540038], [7.2333231, 44.2543482], [7.2345657, 44.2549211], [7.2370189, 44.2568182], [7.2384693, 44.2576418], [7.2388392, 44.2579582], [7.2390325, 44.2582357], [7.2397242, 44.2579223], [7.2406093, 44.2576478], [7.2433239, 44.2570909], [7.2438409, 44.2570944], [7.2476, 44.2576924], [7.2485708, 44.2580359], [7.2489257, 44.2583069], [7.2494528, 44.258378], [7.2516204, 44.2582176], [7.2527845, 44.258303], [7.2534632, 44.2584529], [7.2557442, 44.2602299], [7.2566752, 44.261473], [7.2590677, 44.2612709], [7.2617504, 44.2613568], [7.2632059, 44.2606543], [7.2649693, 44.260465], [7.2657241, 44.260661], [7.2667509, 44.2610773], [7.2684939, 44.2619275], [7.2693731, 44.2628636], [7.2697483, 44.2627523], [7.2704064, 44.2626992], [7.2710329, 44.2627762], [7.2733128, 44.2625046], [7.2740821, 44.2625703], [7.2746373, 44.2628353], [7.2752154, 44.262907], [7.2760735, 44.2632576], [7.2777123, 44.2644797], [7.2780164, 44.2646554], [7.2782862, 44.2646955], [7.2786992, 44.2645892], [7.2800643, 44.2630522], [7.2805677, 44.2627042], [7.2810652, 44.2620905], [7.2814646, 44.2618444], [7.2819162, 44.26114], [7.2835086, 44.2606102], [7.2844058, 44.2602231], [7.2859091, 44.2603717], [7.2866812, 44.2607029], [7.2877426, 44.2614706], [7.2882288, 44.2617254], [7.2888097, 44.2619322], [7.2908777, 44.2623728], [7.2926648, 44.2629308], [7.2925881, 44.2634158], [7.2926888, 44.2638989], [7.2931081, 44.2642923], [7.29345, 44.2648421], [7.2941607, 44.265501], [7.2941734, 44.2657803], [7.2945328, 44.2663213], [7.2951171, 44.2676031], [7.296025, 44.2689526], [7.297024, 44.2710637], [7.2982383, 44.2751802], [7.2990579, 44.2771928], [7.2995902, 44.2781049], [7.300165, 44.2788316], [7.3007836, 44.2793738], [7.3015583, 44.2798157], [7.3031955, 44.2804005], [7.3053666, 44.2808662], [7.3082475, 44.2812294], [7.3111836, 44.2814148], [7.3127512, 44.281398], [7.3133761, 44.2809296], [7.3142243, 44.2805504], [7.3155552, 44.2797103], [7.3161174, 44.2794935], [7.3170545, 44.2794128], [7.3174216, 44.2792022], [7.3181073, 44.2791627], [7.3188795, 44.278904], [7.3207995, 44.2784641], [7.322233, 44.278576], [7.3224134, 44.2785975], [7.3234131, 44.2788222], [7.3248178, 44.2787933], [7.3253046, 44.2789039], [7.3260793, 44.2792709], [7.3268322, 44.2791964], [7.3291235, 44.2786583], [7.3291927, 44.2786773], [7.3291551, 44.2787713], [7.3288278, 44.2790456], [7.3288182, 44.2791355], [7.3292088, 44.2795733], [7.3293674, 44.2799853], [7.3305363, 44.2799484], [7.3314087, 44.2801862], [7.3326375, 44.2800781], [7.3330328, 44.2799489], [7.3338746, 44.2799701], [7.3348249, 44.2802676], [7.3352773, 44.2806253], [7.3354288, 44.280569], [7.3363786, 44.2807449], [7.3393199, 44.2807922], [7.3397733, 44.2806863], [7.3409375, 44.2800505], [7.3421757, 44.2797489], [7.3429859, 44.2794005], [7.3436958, 44.2792082], [7.3442656, 44.2790995], [7.3468474, 44.2790468], [7.3500516, 44.2781929], [7.3512148, 44.277584], [7.351837, 44.2774039], [7.3559538, 44.2768466], [7.3568606, 44.2763195], [7.3586984, 44.2757427], [7.3594651, 44.275715], [7.3609775, 44.2762166], [7.3635639, 44.2762897], [7.364656, 44.2761388], [7.3651499, 44.2762044], [7.3656024, 44.2764224], [7.3672642, 44.2784314], [7.3684014, 44.279663], [7.3697769, 44.2808621], [7.3709002, 44.2813958], [7.3718285, 44.2821968], [7.3720102, 44.2824109], [7.3729763, 44.2842253], [7.3732575, 44.2845534], [7.3736076, 44.2847655], [7.3736957, 44.2849783], [7.375554, 44.2862022], [7.376464, 44.2871784], [7.3777341, 44.2881463], [7.3779954, 44.2886407], [7.3788845, 44.2895086], [7.3792723, 44.2901218], [7.3795529, 44.2909811], [7.3797359, 44.2925007], [7.3822132, 44.2937917], [7.3823705, 44.2937984], [7.3826037, 44.2936667], [7.3831841, 44.2932293], [7.3842277, 44.2930235], [7.3846961, 44.29267], [7.3854899, 44.2924471], [7.3866548, 44.2923195], [7.3886867, 44.2925283], [7.3898822, 44.2929008], [7.390463, 44.2933321], [7.3907144, 44.2934077], [7.3938309, 44.2935049], [7.394247, 44.2935178], [7.3953253, 44.2938777], [7.3959336, 44.2942959], [7.3972525, 44.2956739], [7.3978284, 44.2961636], [7.4005376, 44.2976196], [7.4016384, 44.2983822], [7.4017933, 44.298722], [7.401758, 44.2990096], [7.4018998, 44.2994167], [7.4017734, 44.2999281], [7.4017945, 44.300149], [7.4020539, 44.3010124], [7.4022711, 44.3012946], [7.4023664, 44.3015795], [7.4024216, 44.302359], [7.4020485, 44.3035332], [7.4014606, 44.3044928], [7.4014066, 44.3049962], [7.4043947, 44.3051415], [7.4053621, 44.3055872], [7.4058294, 44.3059088], [7.4084466, 44.3073138], [7.4104916, 44.3077114], [7.411136, 44.308049], [7.4115387, 44.3081086], [7.4151769, 44.307808], [7.4167566, 44.3080415], [7.4202978, 44.3080816], [7.4218596, 44.3082247], [7.4233072, 44.3085529], [7.4336883, 44.3109059], [7.4629632, 44.3268914], [7.4772732, 44.3305291], [7.4758188, 44.3371313], [7.4726765, 44.3385658], [7.4591863, 44.3354031], [7.4441014, 44.3361017], [7.4392753, 44.3395164], [7.4307232, 44.3392543], [7.4313727, 44.3422401], [7.4337076, 44.3417215], [7.4418608, 44.3410266], [7.4467603, 44.3421874], [7.4468039, 44.3440593], [7.4502762, 44.3414979], [7.4701698, 44.3473476], [7.470307, 44.3498653], [7.4729256, 44.3480145], [7.4747637, 44.3492252], [7.4698762, 44.354078], [7.4731738, 44.3570249], [7.4675226, 44.3572928], [7.4693145, 44.360669], [7.4665166, 44.3672146], [7.4688408, 44.3692164], [7.4651767, 44.3701946], [7.462821, 44.3673251], [7.4577429, 44.3665522], [7.4586496, 44.370591], [7.4585278, 44.3731004], [7.4592152, 44.377152], [7.455183, 44.3810824], [7.4486177, 44.3815358], [7.4406887, 44.3802075], [7.4409241, 44.3760668], [7.4416902, 44.3707564], [7.4361595, 44.3711544], [7.4359595, 44.378576], [7.4311257, 44.3759852], [7.428061, 44.3746464], [7.4251941, 44.3740129], [7.4213818, 44.3733173], [7.4220867, 44.371361], [7.4154576, 44.3708697], [7.4204751, 44.3762885], [7.4242313, 44.3770814], [7.4260657, 44.3789245], [7.4263863, 44.3812271], [7.4313976, 44.3828678], [7.4297403, 44.3882473], [7.417233, 44.3909337], [7.421036, 44.3924168], [7.4220098, 44.395764]]]]}}, {"type": "Feature", "properties": {"id": "IT-21-TO-01", "start_date": "2022-03-04", "end_date": null}, "geometry": {"type": "MultiPolygon", "coordinates": [[[[7.1779772, 44.9681961], [7.178124, 44.9677795], [7.1779772, 44.9681961], [7.1776983, 44.9685404], [7.1778785, 44.9684762], [7.1778149, 44.9686568], [7.1776044, 44.9689325], [7.1770404, 44.9693376], [7.1768044, 44.9697074], [7.1767716, 44.9701525], [7.1769734, 44.9707138], [7.1769378, 44.9708753], [7.1767654, 44.9710976], [7.1761776, 44.9715158], [7.1739626, 44.9699455], [7.1725198, 44.968311], [7.1719492, 44.9678968], [7.171539, 44.9673366], [7.1713608, 44.966312], [7.1713303, 44.9654518], [7.1711407, 44.9647736], [7.1707962, 44.9640795], [7.170507, 44.9637552], [7.1702077, 44.9636829], [7.1696079, 44.9639794], [7.1676732, 44.9639123], [7.165329, 44.9639872], [7.1649483, 44.963972], [7.163574, 44.9636169], [7.1628176, 44.9635417], [7.1616913, 44.9636586], [7.1614412, 44.9635735], [7.1605939, 44.9635283], [7.1595221, 44.9636776], [7.1575364, 44.96347], [7.1558619, 44.9636185], [7.1541344, 44.9634691], [7.153625, 44.9636859], [7.1528689, 44.9638221], [7.151574, 44.9635761], [7.150772, 44.9632076], [7.15028, 44.9630916], [7.1491591, 44.9631499], [7.1485699, 44.9628433], [7.1475152, 44.9626686], [7.1456553, 44.962877], [7.1440683, 44.9634813], [7.1438778, 44.9634782], [7.1431997, 44.9628955], [7.1428176, 44.9627138], [7.1419619, 44.9624523], [7.1401883, 44.9622344], [7.1387563, 44.9618419], [7.1374627, 44.9617173], [7.1350192, 44.9617899], [7.1346238, 44.961887], [7.1339511, 44.9622496], [7.1337771, 44.9622377], [7.1336565, 44.9621457], [7.1319208, 44.9618968], [7.1312112, 44.9616016], [7.1302457, 44.9613562], [7.1298477, 44.9610796], [7.1290817, 44.9607295], [7.1284111, 44.960579], [7.1278087, 44.9603395], [7.1271457, 44.9599551], [7.1240895, 44.9603235], [7.1216709, 44.9614179], [7.1203877, 44.9615588], [7.1198584, 44.9617527], [7.1195012, 44.9620123], [7.1176227, 44.96258], [7.11754, 44.9631098], [7.1171981, 44.9633382], [7.1165873, 44.9635757], [7.1150926, 44.9639651], [7.1132267, 44.965028], [7.1125419, 44.9657548], [7.1118406, 44.9660898], [7.1114175, 44.9665824], [7.1110126, 44.9674129], [7.1108736, 44.9674331], [7.1106899, 44.9672815], [7.1105489, 44.9678103], [7.1100369, 44.9688011], [7.1095624, 44.9688652], [7.1090675, 44.9691046], [7.1081033, 44.9692641], [7.1074184, 44.9695454], [7.1065577, 44.9700847], [7.1059579, 44.9702008], [7.1048889, 44.9702325], [7.1044723, 44.9705227], [7.1040688, 44.9706465], [7.1034133, 44.9706942], [7.1023425, 44.9705503], [7.0986325, 44.9708981], [7.0971162, 44.9712735], [7.096036, 44.9711969], [7.0951495, 44.9714117], [7.0938103, 44.9714748], [7.0922756, 44.9717463], [7.0906092, 44.9718174], [7.0900668, 44.9719569], [7.0884741, 44.9726459], [7.0876853, 44.9733078], [7.0867718, 44.9738686], [7.0845024, 44.9745147], [7.0823519, 44.9744696], [7.082115, 44.9745961], [7.0813647, 44.9746105], [7.0804535, 44.9744332], [7.0783297, 44.9745279], [7.0778021, 44.9748386], [7.0773751, 44.9761367], [7.0771172, 44.9763574], [7.0768268, 44.9765551], [7.0764942, 44.9765225], [7.0760573, 44.9766096], [7.075156, 44.976941], [7.0755394, 44.9765694], [7.0764169, 44.9748423], [7.0772134, 44.9744776], [7.0777556, 44.9723533], [7.0779195, 44.9692413], [7.0759446, 44.9655757], [7.0750189, 44.9633771], [7.0749912, 44.9633046], [7.0747798, 44.963274], [7.0747525, 44.9627875], [7.0751007, 44.961335], [7.075552, 44.9599023], [7.0754211, 44.9592564], [7.0757599, 44.9577498], [7.0755712, 44.9564892], [7.0756891, 44.9561237], [7.0757071, 44.9555839], [7.0758631, 44.9551499], [7.0757856, 44.954541], [7.0761191, 44.9535249], [7.0763872, 44.9531603], [7.0770269, 44.9527615], [7.0771009, 44.9526682], [7.0770538, 44.9524424], [7.0773215, 44.9520913], [7.0774605, 44.9516885], [7.0783952, 44.9507477], [7.078558, 44.9506178], [7.0785784, 44.9505633], [7.0786536, 44.9503628], [7.0783825, 44.9503312], [7.0782427, 44.9501174], [7.0782334, 44.9498966], [7.078401, 44.9496114], [7.0784621, 44.9492524], [7.0782997, 44.948849], [7.0779767, 44.948641], [7.0759146, 44.9479581], [7.0753599, 44.9476427], [7.07548, 44.9474872], [7.075436, 44.9469058], [7.0759099, 44.9460136], [7.0761874, 44.9457482], [7.0766266, 44.9450985], [7.0770936, 44.9446742], [7.0775091, 44.9440106], [7.078433, 44.9430179], [7.077096, 44.9425138], [7.0764307, 44.9425701], [7.0742347, 44.9424025], [7.0732024, 44.9421105], [7.0712418, 44.9412087], [7.0698341, 44.9402293], [7.0684105, 44.9363734], [7.0645369, 44.9329208], [7.0568839, 44.9277848], [7.0558574, 44.9274015], [7.054828, 44.9273549], [7.0526227, 44.9283166], [7.0496128, 44.929458], [7.0481568, 44.9298382], [7.0465369, 44.9300535], [7.0427261, 44.9308209], [7.039451, 44.9305667], [7.0368709, 44.9306483], [7.0334174, 44.930967], [7.0324008, 44.9308504], [7.031313, 44.9302825], [7.0279066, 44.9292245], [7.0253624, 44.9282623], [7.020773, 44.9269045], [7.0202968, 44.9266729], [7.0196956, 44.9266252], [7.0194289, 44.926251], [7.0191826, 44.9255716], [7.0190924, 44.9243952], [7.0146445, 44.9230351], [7.0109727, 44.9216839], [7.0087568, 44.920736], [7.008133, 44.9202706], [7.0072443, 44.9198184], [7.0049613, 44.9189594], [7.0042548, 44.918884], [7.0024626, 44.9182045], [7.0016175, 44.9186308], [7.000808, 44.9192648], [7.0004831, 44.9193401], [6.9992855, 44.9193371], [6.9989307, 44.9196235], [6.9989309, 44.9190023], [6.9979282, 44.9195429], [6.9975117, 44.9196211], [6.9958369, 44.9192091], [6.9947707, 44.9193209], [6.9942633, 44.9191094], [6.9933677, 44.9191432], [6.9912917, 44.9177383], [6.9909119, 44.9170835], [6.9896389, 44.9163814], [6.9891961, 44.9162521], [6.988644, 44.9157337], [6.9889271, 44.9146675], [6.988791, 44.9137694], [6.9891863, 44.9126871], [6.9892371, 44.9118778], [6.9886734, 44.9100854], [6.9887472, 44.9098977], [6.9896049, 44.9090306], [6.9900949, 44.9087601], [6.9901597, 44.9085137], [6.9899214, 44.9076498], [6.9900857, 44.9074231], [6.9902355, 44.9069757], [6.9902083, 44.9067907], [6.989831, 44.9060773], [6.9899711, 44.9052606], [6.9893877, 44.9037155], [6.9887207, 44.9023219], [6.9887211, 44.9003909], [6.9880655, 44.8983539], [6.9886024, 44.8973866], [6.9888942, 44.8970316], [6.9893867, 44.8966982], [6.9897264, 44.8965692], [6.9899734, 44.8962179], [6.9918327, 44.8958006], [6.9921402, 44.8956394], [6.993681, 44.8944107], [6.995947, 44.8932217], [6.9962137, 44.8929384], [6.9962792, 44.8926695], [6.9962844, 44.8921924], [6.9961135, 44.8910056], [6.9962233, 44.8904179], [6.996639, 44.88939], [6.9973382, 44.88825], [6.9980234, 44.8878254], [6.9991237, 44.8867239], [6.9996746, 44.8863105], [7.0003107, 44.88602], [7.0013783, 44.8858497], [7.0017992, 44.8856365], [7.0024501, 44.8845991], [7.002855, 44.8841966], [7.0040061, 44.8835551], [7.0062505, 44.8836258], [7.0080805, 44.8830682], [7.010806, 44.8827916], [7.0133326, 44.8827771], [7.0143239, 44.881246], [7.0144035, 44.8808873], [7.0141865, 44.8797222], [7.0118716, 44.8768462], [7.0114857, 44.8760473], [7.0117347, 44.875309], [7.0110884, 44.8736278], [7.0110123, 44.8726002], [7.0114645, 44.8714738], [7.0118405, 44.8709402], [7.011662, 44.8689791], [7.0115126, 44.8685692], [7.010923, 44.8676042], [7.0094266, 44.8654338], [7.0090214, 44.8645535], [7.0085728, 44.863947], [7.0082592, 44.8637005], [7.0058502, 44.8625492], [7.0052797, 44.8609503], [7.0039434, 44.8598557], [7.0036094, 44.8591747], [7.0035847, 44.8585981], [7.0023066, 44.8567843], [7.0027687, 44.8563468], [7.0033187, 44.8552986], [7.0044541, 44.8541347], [7.0074008, 44.8522597], [7.0069208, 44.8509595], [7.0055121, 44.8490489], [7.0050465, 44.8482981], [7.0051072, 44.8468723], [7.0049739, 44.8465536], [7.0037838, 44.8450847], [7.0030383, 44.844356], [7.0021874, 44.8437694], [7.0017002, 44.8433243], [7.000716, 44.8420589], [7.0065019, 44.8399153], [7.0093716, 44.8263686], [7.0241541, 44.8229953], [7.0197705, 44.8191632], [7.0191838, 44.8127568], [7.0093641, 44.8019034], [7.0094975, 44.7985146], [7.0011943, 44.7959147], [6.9993472, 44.7898271], [7.0111044, 44.7839061], [7.0243538, 44.7689963], [7.021184, 44.7656788], [7.0249186, 44.7598424], [7.0215958, 44.7495692], [7.0263027, 44.7451714], [7.0233268, 44.7399167], [7.0296046, 44.7341294], [7.029614, 44.7299725], [7.041826, 44.7189471], [7.0651764, 44.7136773], [7.0653709, 44.7138123], [7.0665259, 44.7150906], [7.0669532, 44.715764], [7.0676614, 44.7164647], [7.0695673, 44.7179058], [7.0701235, 44.7181223], [7.0705708, 44.7181974], [7.0729674, 44.7182829], [7.073759, 44.7182422], [7.0757384, 44.7167947], [7.0790777, 44.716932], [7.0810848, 44.7168352], [7.0822785, 44.7164592], [7.0833411, 44.7159324], [7.0848994, 44.7155174], [7.0862269, 44.7150311], [7.086986, 44.7150663], [7.088746, 44.715906], [7.0895545, 44.7164057], [7.0908145, 44.7169399], [7.0921952, 44.7177507], [7.0932101, 44.7185509], [7.093564, 44.719142], [7.0938907, 44.719512], [7.0948114, 44.7203601], [7.0957279, 44.720821], [7.0970525, 44.7210502], [7.0994505, 44.7210316], [7.100391, 44.7210743], [7.1012521, 44.7212372], [7.101699, 44.7213887], [7.1023189, 44.7218086], [7.1028491, 44.7223575], [7.1035005, 44.7226474], [7.1041528, 44.7228023], [7.1056092, 44.7228895], [7.109082, 44.7226815], [7.1107225, 44.7226772], [7.1114533, 44.7228468], [7.1137633, 44.7237403], [7.114835, 44.7240686], [7.1159611, 44.7246183], [7.1165258, 44.7247402], [7.117836, 44.7247843], [7.1185777, 44.7249361], [7.1202522, 44.7257122], [7.1207551, 44.7260207], [7.1216281, 44.7284657], [7.1221695, 44.7294064], [7.1229273, 44.7301211], [7.1251622, 44.7328315], [7.1267971, 44.7356716], [7.1277673, 44.7377581], [7.1279723, 44.7378894], [7.1287634, 44.737896], [7.1292726, 44.7380394], [7.1297179, 44.7383572], [7.1302717, 44.7385013], [7.1308656, 44.7384571], [7.1331874, 44.7379594], [7.1341902, 44.7376697], [7.1361273, 44.7367606], [7.1371675, 44.736485], [7.1375075, 44.7364546], [7.1388075, 44.7366493], [7.1394833, 44.7367974], [7.1412641, 44.7382038], [7.1424592, 44.7387589], [7.1434178, 44.7394137], [7.1443314, 44.7399011], [7.1447337, 44.7402183], [7.1463105, 44.7420084], [7.1470588, 44.7423716], [7.1480713, 44.7427031], [7.1490581, 44.7429127], [7.1493168, 44.7430626], [7.1494538, 44.7433287], [7.1495077, 44.7439643], [7.1499111, 44.7442004], [7.1506356, 44.7450988], [7.1511744, 44.7462734], [7.1516193, 44.7489723], [7.1517555, 44.7492446], [7.1524203, 44.749998], [7.1539626, 44.7513284], [7.1552933, 44.7528218], [7.1559506, 44.7528324], [7.1567187, 44.7539296], [7.156859, 44.75467], [7.1571713, 44.7548957], [7.1574624, 44.7561067], [7.1573973, 44.7571724], [7.1575178, 44.7576065], [7.1574354, 44.7582713], [7.1575938, 44.758778], [7.1577947, 44.7592674], [7.1590265, 44.7604351], [7.1654197, 44.760592], [7.1662241, 44.7604249], [7.1669398, 44.7603914], [7.1677368, 44.7604492], [7.1703422, 44.7611662], [7.1711799, 44.7612709], [7.1719233, 44.761025], [7.1730382, 44.7603406], [7.1737294, 44.7601141], [7.1747664, 44.7595401], [7.177012, 44.7589953], [7.1785864, 44.7590655], [7.1792095, 44.759314], [7.1797397, 44.7598311], [7.1809616, 44.7604267], [7.1822857, 44.7604343], [7.1832178, 44.760665], [7.1840391, 44.760837], [7.1843357, 44.760764], [7.1850412, 44.7603881], [7.1862209, 44.7603169], [7.1895776, 44.7591999], [7.190933, 44.7591505], [7.1915324, 44.7593884], [7.1923258, 44.7594032], [7.1927682, 44.7599751], [7.1932077, 44.7602882], [7.1938228, 44.7605184], [7.194214, 44.7607767], [7.1947638, 44.7608214], [7.1946551, 44.7609367], [7.1949874, 44.760969], [7.1959696, 44.7615202], [7.1993488, 44.7616951], [7.2080501, 44.7638801], [7.208452, 44.7638954], [7.212863, 44.7648153], [7.2174125, 44.7659397], [7.2209131, 44.7669441], [7.2225305, 44.7673293], [7.2291047, 44.7686064], [7.2312259, 44.7691659], [7.2323232, 44.7695483], [7.2343663, 44.7688004], [7.2361099, 44.7684988], [7.2398567, 44.7685476], [7.2406987, 44.7686641], [7.2435243, 44.7692838], [7.2439547, 44.7694435], [7.2462726, 44.7698797], [7.24806, 44.7704248], [7.2489165, 44.770807], [7.249332, 44.7707369], [7.2497402, 44.7708197], [7.2540969, 44.7731505], [7.2585701, 44.7735519], [7.2615981, 44.7740347], [7.2670771, 44.7752073], [7.2681763, 44.775296], [7.2698876, 44.775601], [7.2709133, 44.7759313], [7.2706925, 44.77596], [7.2687782, 44.7804763], [7.2616233, 44.7793787], [7.2673138, 44.7835964], [7.25763, 44.7873167], [7.261068, 44.7933204], [7.2526634, 44.7958486], [7.2541996, 44.7921044], [7.2465953, 44.7927369], [7.2458689, 44.7884878], [7.2412896, 44.795086], [7.2271102, 44.7992685], [7.2222424, 44.7936839], [7.2183569, 44.7940901], [7.2208619, 44.79715], [7.2216252, 44.8027459], [7.222412, 44.8042991], [7.2255121, 44.8036634], [7.2261991, 44.8080566], [7.2382885, 44.8067936], [7.22533, 44.8124746], [7.2081583, 44.8135567], [7.1858599, 44.8052826], [7.1812274, 44.8060984], [7.1573357, 44.8017853], [7.1479943, 44.8030506], [7.1502382, 44.8071728], [7.1606027, 44.8083734], [7.1622247, 44.8061748], [7.1665051, 44.8062427], [7.1752927, 44.8116014], [7.1879755, 44.8148909], [7.1987786, 44.8202828], [7.2007083, 44.8239206], [7.2077112, 44.8262484], [7.2174839, 44.8257109], [7.2207994, 44.8290817], [7.2183498, 44.8342805], [7.221649, 44.8379924], [7.2162704, 44.8437281], [7.2074269, 44.8482936], [7.218838, 44.8454735], [7.2254815, 44.8368746], [7.2265781, 44.8309166], [7.2410495, 44.8311157], [7.2512011, 44.8277292], [7.2548146, 44.8290571], [7.2532368, 44.8316843], [7.2589627, 44.8321688], [7.256859, 44.836555], [7.2546381, 44.8357037], [7.2532819, 44.8375899], [7.2556743, 44.8389712], [7.2520231, 44.8419704], [7.2543626, 44.8466803], [7.2560497, 44.8421401], [7.2634253, 44.8377191], [7.2715467, 44.8417981], [7.2831673, 44.8412975], [7.2797869, 44.8464141], [7.2805581, 44.8525282], [7.279085, 44.8548885], [7.2748251, 44.8613107], [7.272428, 44.864511], [7.2705937, 44.8683193], [7.2736613, 44.8690893], [7.2741661, 44.8727165], [7.2838549, 44.8750382], [7.2835084, 44.8766551], [7.2805912, 44.8781803], [7.2703306, 44.8771015], [7.2711481, 44.8815084], [7.2597498, 44.8845589], [7.2611365, 44.8783829], [7.2576693, 44.8794945], [7.2586841, 44.8771715], [7.2561362, 44.8775724], [7.2538596, 44.8733099], [7.2576942, 44.8720149], [7.2590063, 44.8662858], [7.2559934, 44.8663299], [7.2520666, 44.8694024], [7.2463277, 44.8711985], [7.2470661, 44.8796242], [7.2438364, 44.8822627], [7.2429663, 44.8858512], [7.2327086, 44.8901345], [7.2329761, 44.8978609], [7.2279305, 44.896667], [7.2269435, 44.8997303], [7.2083828, 44.9027382], [7.2327452, 44.9035367], [7.2396647, 44.9152447], [7.2350756, 44.9207092], [7.2323404, 44.9199277], [7.2299934, 44.9246391], [7.2276027, 44.9244167], [7.2280453, 44.9267271], [7.2192278, 44.9358037], [7.2195424, 44.9392258], [7.2164715, 44.9390975], [7.2152091, 44.942004], [7.2004222, 44.9508087], [7.178153, 44.9530965], [7.1721057, 44.9519739], [7.18186, 44.9570925], [7.1830826, 44.9618924], [7.1786472, 44.9673688], [7.1779772, 44.9681961]]]]}}, {"type": "Feature", "properties": {"id": "FR-22"}, "geometry": {"type": "MultiPolygon", "coordinates": [[[[7.112660237483925, 44.08914569868364], [7.151304466848105, 43.994848383239294], [7.142976538437861, 43.946887086973874], [6.686627300468104, 43.97964888690083], [6.624534145192395, 44.02814397076324], [6.450422133631514, 44.112850667557346], [6.478557696250399, 44.14842981294724], [6.489813709193005, 44.219683311727735], [6.42878821409024, 44.321258838730394], [6.595634907944117, 44.29203572295641], [6.774081641647848, 44.30942358395743], [6.893062655696936, 44.26358375469316], [6.999802115126825, 44.19106817792132], [7.075133464758914, 44.168073935455574], [7.112660237483925, 44.08914569868364]]]]}}, {"type": "Feature", "properties": {"id": "FR-21"}, "geometry": {"type": "MultiPolygon", "coordinates": [[[[6.42878821409024, 44.321258838730394], [6.259063787613025, 44.45487301633836], [6.33693266662561, 44.476151380641056], [6.557885249564741, 44.445269134746255], [6.577398119533429, 44.45377206636035], [6.638171356034541, 44.567215591941], [6.860052876442091, 44.65580749720343], [6.948154236856567, 44.65373992436776], [6.953759713449708, 44.646305594529174], [6.953066765615925, 44.64072029203938], [6.957098109065348, 44.63411013967944], [6.96871046814808, 44.625790885079326], [6.966511083312114, 44.61969934676369], [6.964399086586955, 44.618803310719144], [6.958195917716185, 44.6218414574524], [6.949722240795122, 44.619414715968475], [6.949346081151365, 44.60938112727798], [6.937558006209155, 44.60444635115712], [6.93852144216483, 44.59901673179683], [6.933374229435826, 44.59558906242552], [6.933202511977662, 44.57472707719009], [6.912639316946083, 44.56886335663185], [6.915901175201189, 44.56209176366477], [6.914102601576996, 44.55928044146624], [6.901846623847694, 44.55390718075212], [6.894780946540009, 44.555601875629556], [6.890241462965339, 44.55234151809267], [6.884000510953681, 44.551987586692825], [6.878274407685899, 44.554302322094706], [6.876779474509211, 44.54706898571859], [6.872468466647245, 44.54525222151191], [6.869294118673817, 44.53679445410616], [6.858270595378364, 44.5344641414587], [6.853299314104475, 44.528907870491594], [6.857834513613589, 44.52148594042145], [6.857983075198637, 44.507238100261226], [6.866384599436066, 44.49444047419127], [6.877042061948232, 44.48845020761821], [6.876438996846862, 44.481569041738204], [6.891284389043872, 44.47204083235474], [6.906334586345902, 44.46757771831442], [6.911976350384927, 44.45149330523812], [6.920784420678933, 44.445811281830956], [6.936542831784653, 44.440066609027], [6.939562576104388, 44.43397874049762], [6.947850093352518, 44.43001963972649], [6.946357298166189, 44.42704476200245], [6.934477794490996, 44.42997613819069], [6.932324302786244, 44.42510805003414], [6.9249769335684, 44.422606440282365], [6.917551940926867, 44.42773221100005], [6.913832161964081, 44.42437708371864], [6.902953477635138, 44.42073020554423], [6.899384774641876, 44.422184863897165], [6.892312404885349, 44.420444583112186], [6.893929292446689, 44.41015012927952], [6.897739675489024, 44.405674151372], [6.894267608762489, 44.39993879433419], [6.896870542875247, 44.3945988399035], [6.894198535503672, 44.38967333292647], [6.897165830787241, 44.375001995373104], [6.894299672329922, 44.36951989779999], [6.887968283325377, 44.36739209709406], [6.887392928555572, 44.361615975074024], [6.821133045830648, 44.35526794033883], [6.774081641647848, 44.30942358395743], [6.595634907944117, 44.29203572295641], [6.42878821409024, 44.321258838730394]]]]}}, {"type": "Feature", "properties": {"id": "FR-19"}, "geometry": {"type": "MultiPolygon", "coordinates": [[[[6.222943563107786, 44.55049412385238], [6.182704726831619, 44.58417713688259], [6.056865902293752, 44.69768465125756], [5.993173765361481, 44.79628494091313], [6.079048004243689, 44.779329331580556], [6.146430192855493, 44.810914799743216], [6.267399648216465, 44.83041952114082], [6.319241514204686, 44.87706896204891], [6.436686212779787, 44.61839938059529], [6.311446564539658, 44.5924249764214], [6.222943563107786, 44.55049412385238]]]]}}, {"type": "Feature", "properties": {"id": "FR-13"}, "geometry": {"type": "MultiPolygon", "coordinates": [[[[6.623751811623358, 44.88647717621317], [6.426738126929661, 45.03375552574131], [6.496592514018252, 45.15627803870294], [6.584727889127169, 45.14777947353612], [6.626592715644857, 45.10287325669773], [6.631579229650995, 45.0987700811394], [6.631487398472777, 45.09571820412126], [6.641078711659645, 45.08968255311636], [6.641518090241502, 45.08668385312662], [6.647863392353192, 45.08447985456296], [6.645552981137963, 45.07559163301745], [6.654953864060998, 45.071118364628845], [6.662025075889166, 45.07202602638896], [6.664155135039697, 45.05752279827377], [6.658096140382153, 45.05269597297477], [6.670167221469774, 45.04418755309499], [6.670631716048678, 45.04191720634672], [6.666182496092056, 45.040670585724364], [6.664466037467974, 45.03426823805208], [6.667922318998347, 45.02922471556058], [6.671127894207644, 45.029091489489595], [6.673358550297002, 45.0200815578686], [6.68327587018531, 45.022420872608365], [6.693232507536945, 45.02066346780019], [6.722934740959304, 45.02213701155472], [6.746178885192834, 45.01398183059408], [6.745133605528237, 45.01088023323188], [6.751752686290721, 44.99691963562383], [6.748905985342465, 44.99581784939616], [6.749962296318751, 44.97790187944949], [6.762941166323515, 44.9718513902512], [6.765663788371449, 44.96306266136414], [6.758237458138437, 44.948207965416316], [6.74890985258977, 44.94008084254105], [6.74928382932738, 44.93635836453687], [6.752566557243188, 44.938184061723774], [6.757388869995211, 44.93737923264949], [6.761045164118523, 44.93096358555263], [6.754174676349061, 44.9320976896426], [6.748944610204731, 44.92298843380809], [6.751865370959959, 44.919396835741466], [6.751699816964105, 44.91702981091368], [6.623751811623358, 44.88647717621317]]]]}}, {"type": "Feature", "properties": {"id": "FR-17"}, "geometry": {"type": "MultiPolygon", "coordinates": [[[[6.568559855695826, 44.754940781483334], [6.568867078808847, 44.84442824508725], [6.623751811623358, 44.88647717621317], [6.751699816964105, 44.91702981091368], [6.750937822699862, 44.90613273718026], [6.760644944896538, 44.902807864561765], [6.771717799175831, 44.90345338307994], [6.776757628194102, 44.9003404534956], [6.779647095238077, 44.89316621419098], [6.783833260631755, 44.89368535946366], [6.784740764782917, 44.888309472316976], [6.801658575730301, 44.891071314870516], [6.800035032550998, 44.8872157397489], [6.802630408238978, 44.87982055651251], [6.810048893484573, 44.8750395775478], [6.830631651128109, 44.867840421434444], [6.833152413646905, 44.86393933080822], [6.841043931059884, 44.85976432859233], [6.854548884139388, 44.85805096723111], [6.863517303711621, 44.85047506583287], [6.918358955937086, 44.84905719278808], [6.931330834353974, 44.86374139597586], [6.965104378171019, 44.849316816630285], [6.998915674586216, 44.84906070452244], [6.99891874053631, 44.84272480344663], [7.006501856430766, 44.839915251258134], [7.009371578504805, 44.82636856118303], [7.024154100310055, 44.82299531602286], [7.019770525641126, 44.8191632427416], [7.019183783826781, 44.812756771531475], [7.009364056910941, 44.80190342804443], [7.009497540273943, 44.79851463430841], [7.001194254897661, 44.79591469781122], [6.999347156078456, 44.78982712747619], [7.01110438556873, 44.7839061356437], [7.024353836221887, 44.76899627171244], [7.021184022045743, 44.76567876167807], [7.024918633990502, 44.75984238821209], [7.021595840314683, 44.74956922031109], [7.026302691704939, 44.74517135836087], [7.023326768103049, 44.73991665836816], [7.029604617516651, 44.73412938917699], [7.029614038149046, 44.7299724963555], [7.041825995734481, 44.71894713918674], [7.065237143965836, 44.713663634538314], [7.067201570846009, 44.70302047869766], [7.070725424550383, 44.701124007801646], [7.075252542815175, 44.69038740644918], [7.076267695680113, 44.67771891982486], [7.048497886655896, 44.68305290840859], [7.037854573507813, 44.68919604190468], [7.028724866816214, 44.69167951280627], [7.0113121569108, 44.687949590609016], [7.008119267709946, 44.68952120769741], [7.002815899038432, 44.68537942720034], [6.999107783801326, 44.69065138019018], [6.991436680619699, 44.68985925546542], [6.977160526563691, 44.683480664869734], [6.970734431772017, 44.677907706673395], [6.962751542219904, 44.67890717590023], [6.95788272638057, 44.67095155313648], [6.958584324092205, 44.666194247454754], [6.948154236856567, 44.65373992436776], [6.860052876442091, 44.65580749720343], [6.618781466186568, 44.676153678366404], [6.568559855695826, 44.754940781483334]]]]}}, {"type": "Feature", "properties": {"id": "FR-20"}, "geometry": {"type": "MultiPolygon", "coordinates": [[[[6.259063787613025, 44.45487301633836], [6.222943563107786, 44.55049412385238], [6.311446564539658, 44.5924249764214], [6.436686212779787, 44.61839938059529], [6.568559855695826, 44.754940781483334], [6.618781466186568, 44.676153678366404], [6.860052876442091, 44.65580749720343], [6.638171356034541, 44.567215591941], [6.577398119533429, 44.45377206636035], [6.557885249564741, 44.445269134746255], [6.33693266662561, 44.476151380641056], [6.259063787613025, 44.45487301633836]]]]}}, {"type": "Feature", "properties": {"id": "FR-16"}, "geometry": {"type": "MultiPolygon", "coordinates": [[[[6.424521814188071, 45.02598884512506], [6.426738126929661, 45.03375552574131], [6.623751811623358, 44.88647717621317], [6.568867078808847, 44.84442824508725], [6.568559855695826, 44.754940781483334], [6.436686212779787, 44.61839938059529], [6.319241514204686, 44.87706896204891], [6.424521814188071, 45.02598884512506]]]]}}, {"type": "Feature", "properties": {"id": "FR-15"}, "geometry": {"type": "MultiPolygon", "coordinates": [[[[6.424521814188071, 45.02598884512506], [6.319241514204686, 44.87706896204891], [6.267399648216465, 44.83041952114082], [6.146430192855493, 44.810914799743216], [6.079048004243689, 44.779329331580556], [5.993173765361481, 44.79628494091313], [5.959401281595168, 44.81716612221535], [5.813613363411561, 44.85408720571096], [5.621331685532766, 44.878126180013645], [5.653211333236066, 45.03303852810379], [5.715197881681317, 45.11981029798751], [5.762620400711456, 45.0466230270454], [5.826677010107532, 45.040805926548614], [5.95168393401527, 45.1128078321243], [5.998092907555513, 45.114219429066004], [6.04510932407844, 45.02716967829205], [6.102510681289499, 45.043019784987244], [6.424521814188071, 45.02598884512506]]]]}}, {"type": "Feature", "properties": {"id": "FR-23"}, "geometry": {"type": "MultiPolygon", "coordinates": [[[[6.887392928555572, 44.361615975074024], [6.900283294741902, 44.35746630481298], [6.905982961489204, 44.358279951056204], [6.910257283951571, 44.353859850656264], [6.921834248513833, 44.351644967309184], [6.921435601343569, 44.34322552852426], [6.92708630990786, 44.332714413013925], [6.935133537698957, 44.33008991877871], [6.938286959417801, 44.32486388544401], [6.94305657160537, 44.32393796750073], [6.945295971895676, 44.32108541819187], [6.952610265144758, 44.31952068121988], [6.954529296560341, 44.314866553447594], [6.959942745685074, 44.3115948879727], [6.956963405790155, 44.29562673784659], [6.962741976060446, 44.29352392490021], [6.966520754574465, 44.29549525444749], [6.97104073392769, 44.29372127514028], [6.968784342902116, 44.28667366529253], [6.97164716501645, 44.28392732391326], [6.981501998991889, 44.286995373068756], [6.995570980882125, 44.28031377799815], [6.997432898310283, 44.27326209400896], [6.995339059231954, 44.26505677269237], [6.998429477608368, 44.259009380272246], [6.996489684329935, 44.25181449587883], [7.008501768561281, 44.23542082013668], [7.019318397270432, 44.23228839542972], [7.018863791346142, 44.22693093755787], [7.03363377536497, 44.22327431781078], [7.056056277320508, 44.22945232363425], [7.06366691310371, 44.22713340819168], [7.0686151786417, 44.23252686664196], [7.076693442327549, 44.232201630813435], [7.086597856120158, 44.228928587008305], [7.091747287687927, 44.220732861053655], [7.100107360963221, 44.22131853647825], [7.114596498386558, 44.217337099990864], [7.143002599397852, 44.20025418073043], [7.148261189747384, 44.20024514270772], [7.16337625259946, 44.20813936068885], [7.167370671697424, 44.2024618008579], [7.174877143331858, 44.200399651230775], [7.177611701294992, 44.197205383959506], [7.187175598797677, 44.20121699590962], [7.193689193989628, 44.18708300990757], [7.201114418396513, 44.186930996705875], [7.204932955446669, 44.179172813317294], [7.214186491306929, 44.175000617962716], [7.218885203960682, 44.1686722939767], [7.228984513542395, 44.16852514458295], [7.235182999495597, 44.17542741074315], [7.241815657395311, 44.173162352211556], [7.248478237278778, 44.15841344919754], [7.256632362792043, 44.15558106849333], [7.262770348109163, 44.14801243242737], [7.272545504213881, 44.14744431773407], [7.280607627868982, 44.14090715618929], [7.288155634008914, 44.14529861970952], [7.295452434364449, 44.14419601989651], [7.303505614392614, 44.14613396373717], [7.308157299342919, 44.143754703977635], [7.310472019776558, 44.14760739710892], [7.320724668184019, 44.1430187560447], [7.327548216284947, 44.14492039007734], [7.344506903272688, 44.145093253895], [7.345981383607027, 44.136502874837916], [7.357576567799853, 44.116177216069715], [7.368793584614241, 44.11654704137571], [7.392783906353696, 44.12531040969353], [7.405181379520013, 44.11819827336714], [7.414597650583891, 44.11898860138406], [7.42480481369522, 44.11218433435633], [7.427207411821517, 44.11330240142659], [7.426278402900772, 44.12097082424957], [7.429652972774596, 44.123941553145755], [7.42991066798859, 44.1301690851847], [7.443160839090587, 44.127774873920266], [7.448476968330705, 44.12911170281387], [7.459567295740607, 44.12593941826461], [7.471525715515182, 44.132863724904496], [7.483238287057783, 44.13352206921812], [7.49091938489525, 44.13671584515245], [7.49355376633113, 44.14062445457799], [7.508176749138568, 44.14464994508338], [7.513745762215992, 44.13941980791443], [7.521730897556316, 44.13791991325339], [7.526580480465392, 44.14005594709267], [7.53397511903347, 44.148405191606564], [7.542927585424582, 44.14537038854026], [7.561407412140801, 44.14932970087402], [7.565146184183653, 44.15187511193269], [7.563908859982671, 44.15679829760524], [7.572249075100297, 44.15198838478846], [7.576496981703415, 44.15389426532359], [7.589124054374906, 44.1503619142823], [7.597648208530105, 44.15289598807831], [7.603408221403257, 44.14994205283565], [7.618134106226473, 44.14914029955161], [7.62723952876097, 44.15808570051534], [7.626843478620215, 44.16431071511466], [7.631536847196335, 44.168124105255174], [7.629901372593418, 44.17060955912286], [7.632507790372852, 44.17366744847107], [7.636121089330054, 44.177073775811294], [7.64554076680546, 44.177790236235396], [7.683027130336812, 44.17540755530987], [7.681077246282783, 44.164441636136566], [7.672230887096426, 44.15980432222715], [7.670473332344731, 44.155125257769996], [7.679156799122308, 44.147040300837524], [7.666512935141539, 44.1305367364332], [7.673709520342281, 44.11882013028794], [7.689784841808898, 44.108768491191], [7.69904528571367, 44.095746613613], [7.718938677106487, 44.08282979868289], [7.715248974637755, 44.081189395523204], [7.706093434765051, 44.075602109717614], [7.675762328585174, 44.03165348870803], [7.669459106584728, 44.022519983142956], [7.65861129760742, 44.0068016052246], [7.626088102127391, 43.9840977308226], [7.491024644356059, 43.995315186648014], [7.209378257746502, 44.045968337829514], [7.112660237483925, 44.08914569868364], [7.075133464758914, 44.168073935455574], [6.999802115126825, 44.19106817792132], [6.893062655696936, 44.26358375469316], [6.774081641647848, 44.30942358395743], [6.821133045830648, 44.35526794033883], [6.887392928555572, 44.361615975074024]]]]}}]}